time,SPX,SPX % Change,DXY,DXY % Change,VIX,VIX % Change,Mortgage,Mortgage % Change,CPIAUCSL,CPIAUCSL % Change,PPI,PPI % Change,PMI,PMI % Change,T10Y3M,T10Y3M % Change,TVC_US10Y,TVC_US10Y % Change,OECD CLI,OECD CLI % Change,UNRATE,UNRATE % Change,USINTR,USINTR % Change,USIRYY,USIRYY % Change,INDPRO,INDPRO % Change,RETAIL,RETAIL % Change,CCI,CCI % Change,S&P Sales,S&P Sales % Change
2001-01-02 08:30:00-06:00,1366.01,0.018367301,110.47,0.010519576,22.02,-0.179888268,7.15,0.002805049,176,0.002277904,140,0.027900147,42,-0.082969432,0.2,-1.25974026,5.23099995,0.0208821,98.87571881,-0.00308099,4.2,0.076923077,5.5,-0.153846154,3.7,0.088235294,92.8395,3.66E-05,2.51E+11,-0.002446027,94.7,-0.037601626,745.7,
2001-02-01 08:30:00-06:00,1239.94,-0.030033987,111.93,0.013216258,28.35,0.28746594,7.12,-0.004195804,176.1,0.000568182,137.4,-0.018571429,41.4,-0.014285714,0.07,-0.65,4.95599985,-0.05257123,98.64165939,-0.002367208,4.2,0,5.5,0,3.5,-0.054054054,92.5334,-0.003297088,2.50E+11,-0.003542697,90.6,-0.043294615,,
2001-03-01 08:30:00-06:00,1160.34,-0.079781702,117.48,0.049584562,28.64,0.010229277,6.91,-0.029494382,176.4,0.001703578,135.9,-0.010917031,35.4,-0.144927536,0.63,8,4.99900007,0.008676397,98.49088445,-0.001528512,4.3,0.023809524,5,-0.090909091,2.9,-0.171428571,92.0304,-0.005435875,2.51E+11,0.00130627,91.5,0.009933775,,
2001-04-02 08:30:00-05:00,1249.48,0.004983881,115.88,-0.013619339,25.48,-0.110335196,7.12,0.030390738,177.3,0.005102041,136.4,0.003679176,39.5,0.115819209,1.4,1.222222222,5.18599987,0.037407441,98.41575688,-0.000762787,4.4,0.023255814,4.5,-0.1,3.3,0.137931034,91.4079,-0.006764069,2.53E+11,0.007963041,88.4,-0.033879781,751.27,0.007469492
2001-05-01 08:30:00-05:00,1255.84,0.039718967,119.09,0.02770107,22.64,-0.111459969,7.2,0.011235955,177.7,0.002256063,136.8,0.002932551,37.5,-0.050632911,1.8,0.285714286,5.51100016,0.062668781,98.39322169,-0.000228979,4.3,-0.022727273,4,-0.111111111,3.6,0.090909091,91.1751,-0.002546826,2.53E+11,0.000197899,92,0.040723982,,
2001-06-01 08:30:00-05:00,1226.99,-0.008342015,119.45,0.003022924,19.06,-0.158127208,7.11,-0.0125,177.4,-0.001688239,135.5,-0.009502924,41.7,0.112,1.77,-0.016666667,5.34100008,-0.03084741,98.37369592,-0.000198446,4.5,0.046511628,3.75,-0.0625,3.2,-0.111111111,90.8767,-0.003272823,2.50E+11,-0.009402305,92.6,0.006521739,,
2001-07-02 08:30:00-05:00,1211.22,-0.019428535,117.11,-0.019589787,21.62,0.134312697,7.03,-0.011251758,177.4,0,133.4,-0.015498155,39.3,-0.057553957,1.53,-0.13559322,5.07399988,-0.049990675,98.33481161,-0.000395271,4.6,0.022222222,3.75,0,2.7,-0.15625,90.375,-0.005520667,2.55E+11,0.017716756,92.4,-0.002159827,748.23,-0.004046481
2001-08-01 08:30:00-05:00,1133.58,-0.036261093,113.26,-0.032875075,24.92,0.152636448,6.92,-0.015647226,178.1,0.003945885,133.4,0,43,0.094147583,1.48,-0.032679739,4.8119998,-0.051635807,98.27919277,-0.000565607,4.9,0.065217391,3.5,-0.066666667,2.7,0,89.8626,-0.00566971,2.55E+11,0.001785974,91.5,-0.00974026,,
2001-09-04 08:30:00-05:00,1040.9,-0.073939043,113.53,0.002383895,31.93,0.281300161,6.72,-0.028901734,177.6,-0.002807412,133.3,-0.000749625,47,0.093023256,2.2,0.486486486,4.55900002,-0.052576848,98.24356526,-0.000362513,5,0.020408163,3,-0.142857143,2.6,-0.037037037,89.3288,-0.00594018,2.54E+11,-0.00468619,81.8,-0.106010929,,
2001-10-01 08:30:00-05:00,1059.78,-0.034172232,114.83,0.011450718,33.56,0.05104917,6.64,-0.011904762,177.5,-0.000563063,130.3,-0.022505626,44.8,-0.046808511,2.25,0.022727273,4.41599989,-0.031366556,98.29104909,0.000483328,5.3,0.06,2.5,-0.166666667,2.1,-0.192307692,89.2201,-0.001216853,2.53E+11,-0.004035084,82.7,0.011002445,738.81,-0.012589712
2001-11-01 08:30:00-06:00,1139.45,0.047833789,115.56,0.006357224,24.92,-0.257449344,7.02,0.057228916,177.4,-0.00056338,129.8,-0.003837299,42.6,-0.049107143,3,0.333333333,4.76499987,0.079030795,98.44499123,0.001566187,5.5,0.037735849,2,-0.2,1.9,-0.095238095,88.7478,-0.00529365,2.55E+11,0.006177939,83.9,0.014510278,,
2001-12-03 08:30:00-06:00,1148.16,0.038746972,116.67,0.0096054,23.8,-0.04494382,7.16,0.01994302,177.7,0.001691094,128.1,-0.013097072,42.7,0.002347418,3.33,0.11,5.07200003,0.064428157,98.68610603,0.002449234,5.7,0.036363636,1.75,-0.125,1.6,-0.157894737,88.4755,-0.003068245,2.50E+11,-0.018522156,88.8,0.058402861,,
2002-01-02 08:30:00-06:00,1130.18,-0.002423776,120.28,0.030941973,21.09,-0.113865546,6.96,-0.027932961,178,0.001688239,128.5,0.00312256,44.9,0.051522248,3.31,-0.006006006,5.01300001,-0.011632496,98.96474354,0.002823473,5.7,0,1.75,0,1.1,-0.3125,87.9631,-0.005791434,2.68E+11,0.07266105,93,0.047297297,736.88,-0.002612309
2002-02-01 08:30:00-06:00,1106.74,-0.019301362,119.17,-0.009228467,21.59,0.023707918,6.81,-0.021551724,178.5,0.002808989,128.4,-0.00077821,50.5,0.124721604,3.09,-0.066465257,4.83300018,-0.035906609,99.22847131,0.002664866,5.7,0,1.75,0,1.1,0,87.9329,-0.000343326,2.61E+11,-0.027929209,90.7,-0.024731183,,
2002-03-01 08:30:00-06:00,1147.39,0.008939512,118.64,-0.004447428,17.4,-0.194071329,7.18,0.054331865,179.3,0.004481793,129.8,0.010903427,55.9,0.106930693,3.63,0.174757282,5.40600014,0.118559888,99.42674768,0.00199818,5.7,0,1.75,0,1.5,0.363636364,88.5452,0.006963264,2.57E+11,-0.015219911,95.7,0.055126792,,
2002-04-01 08:30:00-06:00,1076.87,-0.014759788,115.23,-0.028742414,21.91,0.259195402,6.88,-0.04178273,179.5,0.001115449,130.8,0.00770416,55.2,-0.012522361,3.34,-0.079889807,5.11999989,-0.052904225,99.50925318,0.000829812,5.9,0.035087719,1.75,0,1.6,0.066666667,88.5362,-0.000101643,2.56E+11,-0.00094329,93,-0.028213166,718.01,-0.025607969
2002-05-01 08:30:00-05:00,1067.18,-0.035652749,111.87,-0.029159073,19.98,-0.088087631,6.76,-0.01744186,179.6,0.000557103,130.8,0,57.6,0.043478261,3.34,0,5.02600002,-0.01835935,99.45832738,-0.000511769,5.8,-0.016949153,1.75,0,1.2,-0.25,89.2097,0.007607058,2.58E+11,0.005317841,96.9,0.041935484,,
2002-06-03 08:30:00-05:00,989.44,-0.040758917,106.15,-0.051130777,25.4,0.271271271,6.55,-0.031065089,180,0.002227171,130.9,0.000764526,57.1,-0.008680556,3.16,-0.053892216,4.82299995,-0.040389986,99.28163343,-0.001776563,5.8,0,1.75,0,1.1,-0.083333333,89.6389,0.004811136,2.57E+11,-0.00237125,92.4,-0.046439628,,
2002-07-01 08:30:00-05:00,911.62,-0.075595392,107.44,0.012152614,32.03,0.261023622,6.34,-0.032061069,180.5,0.002777778,131.2,0.002291826,53,-0.071803853,2.8,-0.113924051,4.58799982,-0.048724888,99.02668228,-0.002567959,5.8,0,1.75,0,1.5,0.363636364,90.0271,0.004330709,2.61E+11,0.016626533,88.1,-0.046536797,710.31,-0.010724085
2002-08-01 08:30:00-05:00,916.08,-0.03892633,106.9,-0.005026061,32.64,0.019044646,6.22,-0.018927445,180.8,0.00166205,131.5,0.002286585,54.4,0.026415094,2.45,-0.125,4.1420002,-0.097210034,98.7542201,-0.002751402,5.7,-0.017241379,1.75,0,1.8,0.2,90.7645,0.008190867,2.58E+11,-0.014387773,87.6,-0.005675369,,
2002-09-03 08:30:00-05:00,815.26,-0.052250408,106.92,0.000187091,39.69,0.215992647,5.99,-0.036977492,181.2,0.002212389,132.3,0.00608365,51.5,-0.053308824,2.06,-0.159183673,3.77399993,-0.088846029,98.50129476,-0.00256116,5.7,0,1.75,0,1.5,-0.166666667,90.7437,-0.000229164,2.60E+11,0.008591739,86.1,-0.017123288,,
2002-10-01 08:30:00-05:00,885.76,-0.016628834,106.52,-0.003741115,31.14,-0.215419501,6.31,0.053422371,181.5,0.001655629,133.2,0.006802721,45.7,-0.112621359,2.49,0.208737864,3.96300006,0.050079527,98.30208375,-0.00202242,5.7,0,1.75,0,2,0.333333333,90.6268,-0.001288244,2.63E+11,0.011482528,80.6,-0.06387921,697.75,-0.01768242
2002-11-01 08:30:00-06:00,936.31,0.069366946,106.37,-0.001408186,27.5,-0.116891458,6.13,-0.028526149,181.8,0.001652893,133.1,-0.000750751,53.9,0.179431072,3,0.204819277,4.25699997,0.074186199,98.17044497,-0.001339125,5.9,0.035087719,1.25,-0.285714286,2.2,0.1,90.7241,0.001073634,2.65E+11,0.008653989,84.2,0.044665012,,
2002-12-02 08:30:00-06:00,879.82,0.000411943,101.81,-0.04286923,28.62,0.040727273,5.93,-0.032626427,182.6,0.00440044,132.9,-0.00150263,53.3,-0.011131725,2.61,-0.13,3.79200006,-0.109231833,98.08210253,-0.000899888,6,0.016949153,1.25,0,2.4,0.090909091,90.4879,-0.002603498,2.61E+11,-0.01666522,86.7,0.029691211,,
2003-01-02 08:30:00-06:00,855.7,-0.046255881,99.91,-0.018662214,31.17,0.089098532,5.9,-0.005059022,183.6,0.005476451,135.3,0.018058691,54,0.013133208,2.82,0.08045977,3.97099996,0.047204614,98.01774579,-0.000656152,5.8,-0.033333333,1.25,0,2.6,0.083333333,90.9823,0.005463714,2.62E+11,0.005091587,82.4,-0.049596309,674.59,-0.033192404
2003-02-03 08:30:00-06:00,841.15,-0.023193295,99.71,-0.002001802,29.63,-0.049406481,5.79,-0.018644068,183.9,0.001633987,137.6,0.016999261,53.4,-0.011111111,2.51,-0.109929078,3.73900008,-0.058423541,97.98737308,-0.00030987,5.9,0.017241379,1.25,0,3,0.153846154,90.4919,-0.005390059,2.64E+11,0.006165228,79.9,-0.030339806,,
2003-03-03 08:30:00-06:00,848.12,-0.003989746,99.06,-0.006518905,29.15,-0.016199798,5.91,0.020725389,183.2,-0.003806417,141.2,0.026162791,49.8,-0.06741573,2.69,0.071713147,3.92600012,0.050013382,98.02019186,0.000334929,5.9,0,1.25,0,3,0,91.2395,0.008261513,2.66E+11,0.008961634,77.6,-0.028785982,,
2003-04-01 08:30:00-06:00,916.92,0.0449032,97.19,-0.018877448,21.21,-0.27238422,5.79,-0.020304569,182.9,-0.001637555,136.8,-0.031161473,47,-0.0562249,2.76,0.026022305,3.93099999,0.001273528,98.14056516,0.001228046,6,0.016949153,1.25,0,2.2,-0.266666667,91.3384,0.00108396,2.67E+11,0.004888504,86,0.108247423,678.6,0.005944351
2003-05-01 08:30:00-05:00,963.59,0.064791588,93.27,-0.040333368,19.47,-0.082036775,5.31,-0.082901554,183.1,0.001093494,136.7,-0.000730994,50.2,0.068085106,2.26,-0.18115942,3.33699989,-0.151106614,98.34269768,0.002059623,6.1,0.016666667,1.25,0,2.1,-0.045454545,91.069,-0.002949471,2.63E+11,-0.015125547,92.1,0.070930233,,
2003-06-02 08:30:00-05:00,974.5,0.031599828,94.73,0.015653479,19.52,0.002568053,5.24,-0.013182674,183.7,0.003276898,138,0.009509876,55.1,0.097609562,2.64,0.168141593,3.54699993,0.06293079,98.60212503,0.002637993,6.3,0.032786885,1,-0.2,2.1,0,90.4913,-0.006343542,2.68E+11,0.017599587,89.7,-0.026058632,,
2003-07-01 08:30:00-05:00,990.31,0.012542465,96.89,0.022801647,19.49,-0.001536885,5.94,0.133587786,184.5,0.004354927,137.7,-0.002173913,54.5,-0.010889292,3.53,0.337121212,4.30900002,0.214829463,98.90589371,0.003080752,6.2,-0.015873016,1,0,2.1,0,90.4697,-0.000238697,2.67E+11,-0.002326189,90.9,0.013377926,684.42,0.008576481
2003-08-01 08:30:00-05:00,1008.03,0.017116906,98.1,0.012488389,18.63,-0.044125192,6.32,0.063973064,185.1,0.003252033,138,0.002178649,60.2,0.104587156,3.47,-0.016997167,4.42000008,0.025760051,99.24404837,0.003418954,6.1,-0.016129032,1,0,2.2,0.047619048,90.5899,0.001328622,2.67E+11,0.000617522,89.3,-0.01760176,,
2003-09-02 08:30:00-05:00,995.95,0.003579008,92.85,-0.05351682,22.71999,0.219537842,5.98,-0.053797468,184.9,-0.001080497,138.5,0.003623188,53.6,-0.109634551,3.01,-0.132564841,4.07999992,-0.076923112,99.6060504,0.003647594,6.1,0,1,0,2.3,0.045454545,91.0614,0.005204774,2.70E+11,0.01134791,87.7,-0.017917133,,
2003-10-01 08:30:00-05:00,1050.71,0.021407445,92.73,-0.001292407,16.09999,-0.291373368,5.94,-0.006688963,185,0.000540833,139.3,0.005776173,54.6,0.018656716,3.37,0.119601329,4.34800005,0.065686308,99.97283644,0.003682367,6,-0.016393443,1,0,2,-0.130434783,90.8452,-0.002374222,2.73E+11,0.010932114,89.6,0.021664766,697.9,0.019695509
2003-11-03 08:30:00-06:00,1058.2,0.030378498,90.23,-0.026959991,16.31999,0.013664605,5.89,-0.008417508,185.5,0.002702703,138.9,-0.0028715,61.9,0.133699634,3.41,0.011869436,4.24900007,-0.022769084,100.3145817,0.003418381,5.8,-0.033333333,1,0,1.8,-0.1,91.4453,0.006605743,2.78E+11,0.016875677,93.7,0.045758929,,
2003-12-01 08:30:00-06:00,1111.92,0.029155845,86.92,-0.03668403,18.31,0.121936962,5.85,-0.006791171,186.3,0.004312668,139.5,0.004319654,61.3,-0.009693053,3.32,-0.026392962,4.26000023,0.002588882,100.6010521,0.00285572,5.7,-0.017241379,1,0,1.9,0.055555556,91.5595,0.001248834,2.76E+11,-0.005522278,92.6,-0.011739594,,
2004-01-02 08:30:00-06:00,1131.13,0.033252593,87.2,0.003221353,16.62999,-0.091753687,5.68,-0.029059829,186.7,0.002147075,141.4,0.013620072,64.9,0.058727569,3.24,-0.024096386,4.18300009,-0.018075149,100.8167652,0.002144243,5.7,0,1,0,2,0.052631579,92.1763,0.006736603,2.75E+11,-0.006026842,103.8,0.120950324,710.81,0.018498352
2004-02-02 08:30:00-06:00,1144.94,0.014729674,87.31,0.001261468,14.55,-0.125074639,5.58,-0.017605634,187.1,0.002142475,142.1,0.004950495,64,-0.013867488,3.03,-0.064814815,4.03999996,-0.034186021,100.9457332,0.001279232,5.6,-0.01754386,1,0,1.7,-0.15,92.2532,0.000834271,2.78E+11,0.012861947,94.4,-0.090558767,,
2004-03-01 08:30:00-06:00,1126.21,-0.002490315,87.61,0.003436033,16.73999,0.150514777,5.4,-0.032258065,187.4,0.001603421,143.1,0.007037298,57.6,-0.1,2.91,-0.03960396,3.89599991,-0.035643577,101.0054486,0.000591559,5.8,0.035714286,1,0,1.7,0,92.4067,0.001663899,2.78E+11,-0.002464984,95.8,0.014830508,,
2004-04-01 08:30:00-06:00,1107.24,-0.016603923,90.48,0.032758817,17.18999,0.026881736,6.01,0.112962963,188.2,0.004268943,144.8,0.011879804,63.9,0.109375,3.55,0.219931271,4.53999996,0.165297758,101.0072146,1.75E-05,5.6,-0.034482759,1,0,2.3,0.352941176,92.9687,0.00608181,2.79E+11,0.004686397,94.2,-0.016701461,726.93,0.022678353
2004-05-03 08:30:00-05:00,1120.64,-0.002462569,88.95,-0.016909814,15.5,-0.098312448,6.32,0.051580699,188.9,0.003719447,146.8,0.013812155,65.7,0.028169014,3.58,0.008450704,4.6079998,0.014977938,100.9690499,-0.000377841,5.6,0,1,0,3.1,0.347826087,92.6,-0.003965851,2.81E+11,0.007238816,90.2,-0.042462845,,
2004-06-01 08:30:00-05:00,1140.75,0.014493209,88.8,-0.001686341,14.34,-0.07483871,6.25,-0.011075949,189.1,0.001058761,147.2,0.002724796,60.4,-0.080669711,3.29,-0.081005587,4.68900013,0.017578197,100.8993806,-0.000690006,5.6,0,1.25,0.25,3.3,0.064516129,92.9761,0.004061555,2.86E+11,0.018783905,95.6,0.059866962,,
2004-07-01 08:30:00-05:00,1101.72,-0.007866456,89.96,0.013063063,15.32,0.068340307,6.08,-0.0272,189.2,0.000528821,147.4,0.001358696,63.3,0.048013245,3.05,-0.072948328,4.579,-0.023459187,100.8035013,-0.000950247,5.5,-0.017857143,1.25,0,2.9,-0.121212121,93.6446,0.00719002,2.83E+11,-0.011379796,96.7,0.011506276,739.42,0.017181847
2004-08-02 08:30:00-05:00,1104.24,-0.016272381,88.94,-0.011338373,15.29,-0.001958225,5.82,-0.042763158,189.8,0.003171247,148,0.004070556,59.6,-0.058451817,2.54,-0.167213115,4.23099995,-0.075999137,100.6961111,-0.001065342,5.4,-0.018181818,1.5,0.2,2.7,-0.068965517,92.9303,-0.007627776,2.88E+11,0.018731092,95.9,-0.008273009,,
2004-09-01 08:30:00-05:00,1114.58,0.005829661,87.36,-0.017764785,13.34,-0.127534336,5.72,-0.017182131,190.8,0.005268704,147.7,-0.002027027,62.6,0.05033557,2.43,-0.043307087,4.09000015,-0.033325408,100.6016182,-0.000938397,5.4,0,1.75,0.166666667,2.5,-0.074074074,93.6109,0.007323768,2.84E+11,-0.01428958,94.2,-0.017726799,,
2004-10-01 08:30:00-05:00,1130.2,0.012321865,84.91,-0.028044872,16.26999,0.21963943,5.64,-0.013986014,191.7,0.004716981,150,0.015572106,67,0.07028754,2.14,-0.119341564,4.0539999,-0.008802017,100.5370284,-0.000642035,5.5,0.018518519,1.75,0,3.2,0.28,93.6958,0.000906946,2.87E+11,0.011350318,91.7,-0.026539278,756.88,0.023613102
2004-11-01 08:30:00-06:00,1173.82,0.025786231,81.82,-0.036391473,13.24,-0.186231829,5.72,0.014184397,191.7,0,151.4,0.009333333,63.5,-0.052238806,2.13,-0.004672897,4.32200003,0.066107582,100.5102549,-0.000266305,5.4,-0.018181818,2,0.142857143,3.5,0.09375,93.7958,0.001067284,2.88E+11,0.002028828,92.8,0.011995638,,
2004-12-01 08:30:00-06:00,1211.92,0.035445818,80.85,-0.011855292,13.29,0.003776435,5.81,0.015734266,191.6,-0.000521648,150.2,-0.007926024,61.2,-0.036220472,2.02,-0.051643192,4.25899982,-0.014576633,100.4972747,-0.000129143,5.4,0,2.25,0.125,3.3,-0.057142857,94.6226,0.008814894,2.93E+11,0.018052309,97.1,0.046336207,,
2005-01-03 08:30:00-06:00,1181.27,0.003751441,83.6,0.034013605,12.82,-0.035364936,5.66,-0.025817556,192.4,0.004175365,150.9,0.004660453,63,0.029411765,1.63,-0.193069307,4.22800016,-0.007278624,100.465498,-0.000316195,5.3,-0.018518519,2.25,0,3,-0.090909091,94.8491,0.00239372,2.95E+11,0.006740829,95.5,-0.016477858,788.17,0.041340767
2005-02-01 08:30:00-06:00,1210.41,-0.001265294,82.51,-0.013038278,12.08,-0.057722309,5.69,0.005300353,193.1,0.003638254,151.6,0.004638834,65.3,0.036507937,1.6,-0.018404908,4.28900003,0.014427594,100.4087346,-0.000565004,5.4,0.018867925,2.5,0.111111111,3,0,95.5841,0.007749151,2.96E+11,0.003598597,94.1,-0.014659686,,
2005-03-01 08:30:00-06:00,1180.59,-0.00078188,84.06,0.018785602,14.02,0.160596026,6.04,0.061511424,193.7,0.003107198,153.7,0.013852243,65.3,0,1.71,0.06875,4.55200005,0.061319659,100.3371414,-0.000713018,5.2,-0.037037037,2.75,0.1,3.1,0.033333333,95.9285,0.00360311,3.00E+11,0.012107625,92.6,-0.015940489,,
2005-04-01 08:30:00-06:00,1156.85,-0.021554105,84.43,0.004401618,15.31,0.092011412,5.78,-0.043046358,193.6,-0.000516262,155,0.008458035,65.5,0.003062787,1.31,-0.233918129,4.14799976,-0.08875226,100.2832173,-0.000537429,5.2,0,2.75,0,3.5,0.129032258,96.6287,0.007299186,2.97E+11,-0.010231416,87.7,-0.052915767,806.94,0.023814659
2005-05-02 08:30:00-05:00,1191.5,0.004302289,87.76,0.039440957,13.29,-0.131939909,5.65,-0.022491349,193.7,0.000516529,154.3,-0.004516129,53.3,-0.186259542,1.01,-0.229007634,4.08400011,-0.015429039,100.2702497,-0.00012931,5.1,-0.019230769,3,0.090909091,2.8,-0.2,96.4907,-0.001428147,3.01E+11,0.01301332,86.9,-0.009122007,,
2005-06-01 08:30:00-05:00,1191.33,0.014499542,89.11,0.015382862,12.04,-0.094055681,5.53,-0.021238938,194.9,0.006195147,154.3,0,57.1,0.071294559,0.81,-0.198019802,3.98799992,-0.023506412,100.2962748,0.00025955,5,-0.019607843,3.25,0.083333333,2.5,-0.107142857,96.6809,0.001971174,3.01E+11,0.002498694,96,0.104718067,,
2005-07-01 08:30:00-05:00,1234.18,0.018095198,89.35,0.0026933,11.57,-0.039036545,5.77,0.043399638,196.1,0.006157004,156.3,0.012961763,62.1,0.087565674,0.86,0.061728395,4.19299984,0.051404194,100.3384397,0.000420403,5,0,3.25,0,3.2,0.28,96.7925,0.001154313,3.04E+11,0.008137852,96.5,0.005208333,828.1,0.02622252
2005-08-01 08:30:00-05:00,1220.33,0.012236602,87.58,-0.019809737,12.6,0.089023336,5.77,0,198.8,0.013768485,157.6,0.008317338,52,-0.162640902,0.5,-0.418604651,4.09399986,-0.023610776,100.3998318,0.00061185,4.9,-0.02,3.5,0.076923077,3.6,0.125,97.19,0.004106723,3.02E+11,-0.006531472,89.1,-0.076683938,,
2005-09-01 08:30:00-05:00,1228.81,-0.002716694,89.52,0.022151176,11.92,-0.053968254,5.91,0.024263432,199.1,0.001509054,162.2,0.029187817,58,0.115384615,0.79,0.58,4.3039999,0.051294589,100.4936429,0.000934375,5,0.020408163,3.75,0.071428571,4.7,0.305555556,96.8981,-0.003003395,3.11E+11,0.030529267,76.9,-0.136924804,,
2005-10-03 08:30:00-05:00,1207.01,-0.005186807,90.07,0.006143878,15.32,0.285234899,6.15,0.040609137,198.1,-0.005022602,166.2,0.024660912,62.1,0.070689655,0.59,-0.253164557,4.5539999,0.058085503,100.631082,0.00136764,5,0,3.75,0,4.3,-0.085106383,97.2223,0.003345783,3.14E+11,0.008138552,74.2,-0.035110533,851.94,0.028788794
2005-11-01 08:30:00-06:00,1249.48,0.008009623,91.57,0.016653714,12.06,-0.212793734,6.28,0.021138211,198.1,0,163.7,-0.015042118,61.5,-0.009661836,0.54,-0.084745763,4.48199987,-0.015810284,100.7991232,0.001669874,5,0,4,0.066666667,3.5,-0.186046512,95.3463,-0.019295985,3.10E+11,-0.011080633,81.6,0.099730458,,
2005-12-01 08:30:00-06:00,1248.29,0.017284846,91.17,-0.004368243,12.07,0.000829187,6.22,-0.00955414,199.3,0.006057547,163,-0.004276115,60.3,-0.019512195,0.31,-0.425925926,4.36000013,-0.027219934,100.9613816,0.00160972,4.9,-0.02,4.25,0.0625,3.4,-0.028571429,96.4981,0.012080175,3.11E+11,0.002022281,91.5,0.121323529,,
2006-01-03 08:30:00-06:00,1280.08,0.013748263,88.96,-0.02424043,12.95,0.072908036,6.12,-0.01607717,199.4,0.000501756,164.3,0.00797546,60.4,0.001658375,0.06,-0.806451613,4.53100014,0.039220185,101.0885803,0.001259875,4.7,-0.040816327,4.5,0.058823529,4,0.176470588,97.5646,0.011052031,3.10E+11,-0.000624451,91.2,-0.003278689,874.32,0.026269456
2006-02-01 08:30:00-06:00,1280.66,0.011306776,90.11,0.012927158,12.34,-0.047104247,6.26,0.022875817,199.7,0.001504514,161.8,-0.015216068,58.8,-0.026490066,-0.07,-2.166666667,4.59399986,0.013904153,101.1704712,0.000810091,4.8,0.021276596,4.5,0,3.6,-0.1,98.0222,0.004690226,3.13E+11,0.009095623,86.7,-0.049342105,,
2006-03-01 08:30:00-06:00,1294.82,0.006142756,89.73,-0.004217068,11.39,-0.076985413,6.35,0.014376997,200.7,0.005007511,162.2,0.002472188,59.3,0.008503401,0.23,-4.285714286,4.86100006,0.058119331,101.1999495,0.000291373,4.7,-0.020833333,4.75,0.055555556,3.4,-0.055555556,98.2044,0.001858763,3.13E+11,0.000542606,88.9,0.025374856,,
2006-04-03 08:30:00-05:00,1310.61,0.014368496,86.11,-0.040343252,11.59,0.017559263,6.58,0.036220472,201.3,0.002989537,164.3,0.012946979,58.4,-0.015177066,0.3,0.304347826,5.07299995,0.043612402,101.1762,-0.000234679,4.7,0,4.75,0,3.5,0.029411765,98.2404,0.000366582,3.22E+11,0.028311848,87.4,-0.016872891,898.02,0.02710678
2006-05-01 08:30:00-05:00,1270.09,-0.012358953,84.72,-0.016142144,16.43999,0.41846333,6.62,0.006079027,201.8,0.002483855,165.8,0.009129641,58.5,0.001712329,0.26,-0.133333333,5.07800007,0.000985634,101.1215791,-0.000539859,4.6,-0.021276596,5,0.052631579,4.2,0.2,98.4742,0.002379876,3.20E+11,-0.006753571,79.1,-0.094965675,,
2006-06-01 08:30:00-05:00,1270.2,-0.01579504,85.22,0.005901794,13.08,-0.204379078,6.78,0.024169184,202.9,0.005450942,166.1,0.001809409,57,-0.025641026,0.14,-0.461538462,5.19999981,0.024025155,101.0698362,-0.00051169,4.6,0,5.25,0.05,4.3,0.023809524,98.7765,0.00306984,3.21E+11,0.002180085,84.9,0.073324905,,
2006-07-03 08:30:00-05:00,1276.66,0.002822368,85.3,0.000938747,14.95,0.142966361,6.72,-0.008849558,203.8,0.004435683,166.8,0.004214329,58.1,0.019298246,-0.11,-1.785714286,5.03999996,-0.030769203,101.0396636,-0.000298532,4.7,0.02173913,5.25,0,4.1,-0.046511628,98.7884,0.000120474,3.23E+11,0.00527318,84.7,-0.002355713,917.93,0.022170998
2006-08-01 08:30:00-05:00,1303.82,0.012556966,85.05,-0.002930832,12.31,-0.176588629,6.44,-0.041666667,202.8,-0.004906771,167.9,0.006594724,56.9,-0.020654045,-0.31,1.818181818,4.75299978,-0.056944481,101.0490492,9.29E-05,4.7,0,5.25,0,3.8,-0.073170732,99.1069,0.003224063,3.22E+11,-0.002377845,82,-0.031877214,,
2006-09-01 08:30:00-05:00,1335.85,0.023286737,85.97,0.010817166,11.98,-0.026807474,6.31,-0.020186335,201.9,-0.00443787,165.4,-0.014889815,58.7,0.031634446,-0.25,-0.193548387,4.61800003,-0.028403063,101.105954,0.00056314,4.5,-0.042553191,5.25,0,2.1,-0.447368421,99.0357,-0.000718416,3.23E+11,0.004319534,85.4,0.041463415,,
2006-10-02 08:30:00-05:00,1377.94,0.027977194,85.32,-0.007560777,11.1,-0.07345576,6.4,0.014263074,202,0.000495295,162.2,-0.019347037,53.7,-0.085178876,-0.47,0.88,4.67500019,0.01234304,101.1917389,0.000848465,4.4,-0.022222222,5.25,0,1.3,-0.380952381,99.4583,0.004267148,3.24E+11,0.003156097,93.6,0.096018735,936.83,0.020589805
2006-11-01 08:30:00-06:00,1400.63,0.023913765,82.92,-0.028129395,10.91,-0.017117117,6.14,-0.040625,203.1,0.005445545,164.6,0.014796547,50.5,-0.059590317,-0.57,0.212765957,4.52400017,-0.032299468,101.2916395,0.000987241,4.5,0.022727273,5.25,0,2,0.538461538,99.2544,-0.002050105,3.25E+11,0.003454615,92.1,-0.016025641,,
2006-12-01 08:30:00-06:00,1418.3,0.014591184,83.65,0.008803666,11.56,0.059578368,6.18,0.006514658,203.4,0.001477105,165.6,0.006075334,51.6,0.021782178,-0.31,-0.456140351,4.68599987,0.035808951,101.3989179,0.001059104,4.4,-0.022222222,5.25,0,2.5,0.25,99.1514,-0.001037737,3.23E+11,-0.006418217,91.7,-0.004343105,,
2007-01-03 08:30:00-06:00,1438.24,0.013246161,84.59,0.011237298,10.42,-0.098615917,6.25,0.011326861,204.2,0.003933137,164,-0.009661836,50.8,-0.015503876,-0.29,-0.064516129,4.875,0.040332935,101.5038509,0.001034853,4.6,0.045454545,5.25,0,2.1,-0.16,99.0974,-0.000544622,3.23E+11,-0.001726293,96.9,0.056706652,952.51,0.016737295
2007-02-01 08:30:00-06:00,1406.82,-0.004043735,83.56,-0.01217638,15.42,0.479846449,6.22,-0.0048,205.3,0.005386876,166.8,0.017073171,50.4,-0.007874016,-0.6,1.068965517,4.51300001,-0.074256408,101.6073514,0.001019671,4.5,-0.02173913,5.25,0,2.4,0.142857143,100.1117,0.010235385,3.23E+11,0.002060878,91.3,-0.057791538,,
2007-03-01 08:30:00-06:00,1420.86,-0.005997075,82.92,-0.007659167,14.64,-0.050583658,6.16,-0.009646302,205.9,0.002922552,169.3,0.01498801,58.9,0.168650794,-0.39,-0.35,4.6420002,0.028584132,101.7155915,0.001065278,4.4,-0.022222222,5.25,0,2.8,0.166666667,99.7226,-0.003886659,3.27E+11,0.010842975,88.4,-0.031763417,,
2007-04-02 08:30:00-05:00,1482.37,0.026714669,81.446,-0.01777617,14.22,-0.028688525,6.16,0,206.8,0.004371054,171.4,0.012404017,54.6,-0.073005093,-0.28,-0.282051282,4.69999981,0.01249453,101.8191092,0.001017717,4.5,0.022727273,5.25,0,2.6,-0.071428571,100.6919,0.009719963,3.27E+11,0.00101576,87.1,-0.014705882,965.19,0.013312196
2007-05-01 08:30:00-05:00,1530.62,0.038033894,82.285,0.010301304,13.05,-0.082278481,6.42,0.042207792,207.2,0.001934236,173.3,0.011085181,60.7,0.111721612,0.17,-1.607142857,4.86999989,0.036170231,101.897221,0.000767162,4.4,-0.022222222,5.25,0,2.7,0.038461538,100.8857,0.001924683,3.28E+11,0.00235955,88.3,0.013777268,,
2007-06-01 08:30:00-05:00,1503.35,0.007539106,81.947,-0.004107675,16.23,0.243678161,6.67,0.03894081,207.6,0.001930502,173.8,0.00288517,59.6,-0.018121911,0.21,0.235294118,5.11000013,0.049281365,101.934506,0.000365908,4.6,0.045454545,5.25,0,2.7,0,101.5777,0.006859248,3.31E+11,0.008007245,85.3,-0.033975085,,
2007-07-02 08:30:00-05:00,1455.27,-0.024677737,80.814,-0.013826009,23.51999,0.449167591,6.69,0.002998501,207.7,0.000481696,175.1,0.007479862,54,-0.093959732,-0.18,-1.857142857,4.80800009,-0.059099811,101.9183313,-0.000158677,4.7,0.02173913,5.25,0,2.4,-0.111111111,101.6481,0.000693066,3.30E+11,-0.00308247,90.4,0.05978898,986.11,0.021674489
2007-08-01 08:30:00-05:00,1473.99,-0.011150094,80.829,0.000185611,23.37999,-0.005952383,6.45,-0.035874439,208.5,0.003851709,172.4,-0.01541976,52.1,-0.035185185,0.53,-3.944444444,4.51200008,-0.061564061,101.8469871,-0.000700013,4.6,-0.021276596,5.25,0,2,-0.166666667,101.6741,0.000255784,3.34E+11,0.014085447,83.4,-0.077433628,,
2007-09-04 08:30:00-05:00,1526.75,0.024696164,77.744,-0.038166995,18,-0.230110877,6.42,-0.004651163,209.2,0.003357314,173.5,0.00638051,52.9,0.015355086,0.77,0.452830189,4.56899977,0.01263291,101.7461893,-0.000989698,4.7,0.02173913,4.75,-0.095238095,2.8,0.4,101.5627,-0.001095658,3.31E+11,-0.009353624,83.4,0,,
2007-10-01 08:30:00-05:00,1549.38,0.025314009,76.525,-0.015679667,18.53,0.029444444,6.33,-0.014018692,210.8,0.007648184,174.7,0.006916427,50.3,-0.049149338,0.54,-0.298701299,4.38700008,-0.039833596,101.6347884,-0.00109489,4.7,0,4.5,-0.052631579,3.5,0.25,101.7751,0.002091319,3.32E+11,0.003823895,80.9,-0.029976019,1005.12,0.019277768
2007-11-01 08:30:00-05:00,1481.14,-0.01616683,76.155,-0.004835021,22.87,0.234214787,6.1,-0.036334913,211.4,0.0028463,179,0.024613623,52.6,0.045725646,0.82,0.518518519,3.9289999,-0.104399401,101.5178052,-0.001151015,4.7,0,4.5,0,4.3,0.228571429,102.0279,0.002483908,3.34E+11,0.005497349,76.1,-0.059332509,,
2007-12-03 08:30:00-06:00,1468.36,-0.026079229,76.674,0.006815048,22.5,-0.0161784,6.17,0.01147541,212.2,0.003784295,178.6,-0.002234637,55.8,0.060836502,0.68,-0.170731707,4.20300007,0.069737892,101.4058565,-0.001102749,5,0.063829787,4.25,-0.055555556,4.1,-0.046511628,101.7289,-0.002930571,3.35E+11,0.00380945,75.5,-0.007884363,,
2008-01-02 08:30:00-06:00,1378.55,-0.034420062,75.226,-0.01888515,26.2,0.164444444,5.68,-0.079416532,212.7,0.002356268,181,0.01343785,50.9,-0.08781362,1.71,1.514705882,3.64700007,-0.13228646,101.2893995,-0.001148425,5,0,3,-0.294117647,4.3,0.048780488,102.3185,0.005795796,3.38E+11,0.006224623,78.4,0.038410596,1025.08,0.019858325
2008-02-01 08:30:00-06:00,1330.63,-0.048230822,73.749,-0.019634169,26.53999,0.012976718,6.24,0.098591549,213.4,0.00329102,182.7,0.009392265,47.1,-0.074656189,1.68,-0.01754386,3.67199993,0.006854911,101.155966,-0.001317349,4.9,-0.02,3,0,4,-0.069767442,102.3074,-0.000108485,3.41E+11,0.010674607,70.8,-0.096938776,,
2008-03-03 08:30:00-06:00,1322.7,-0.020699608,71.741,-0.027227488,25.60999,-0.03504146,5.85,-0.0625,213.9,0.002343018,187.9,0.028461959,50.4,0.070063694,2.07,0.232142857,3.52399993,-0.040305012,101.0056536,-0.001485947,5.1,0.040816327,2.25,-0.25,4,0,102.1686,-0.001356696,3.36E+11,-0.014492881,69.5,-0.018361582,,
2008-04-01 08:30:00-05:00,1385.59,0.022181181,72.566,0.0114997,20.78999,-0.188207805,6.03,0.030769231,215.2,0.006077606,190.9,0.015965939,48.1,-0.045634921,2.34,0.130434783,3.82500005,0.085414338,100.8199384,-0.001838661,5,-0.019607843,2,-0.111111111,3.9,-0.025,101.7673,-0.003927821,3.37E+11,0.003637835,62.6,-0.099280576,1048.32,0.022671401
2008-05-01 08:30:00-05:00,1400.38,0.027415192,72.871,0.00420307,17.82999,-0.142376211,6.08,0.008291874,217.5,0.010687732,196.6,0.029858565,50,0.03950104,2.17,-0.072649573,4.079,0.066405215,100.5720601,-0.002458624,5.4,0.08,2,0,4.2,0.076923077,101.3986,-0.003622971,3.35E+11,-0.008381445,59.8,-0.044728435,,
2008-06-02 08:30:00-05:00,1280,-0.038304592,72.541,-0.00452855,23.95,0.343242481,6.45,0.060855263,219,0.006896552,200.5,0.019837233,49.7,-0.006,2.09,-0.036866359,4.03100014,-0.011767556,100.2237391,-0.003463397,5.6,0.037037037,2,0,5,0.19047619,100.7238,-0.006654924,3.35E+11,0.001820171,56.4,-0.056856187,,
2008-07-01 08:30:00-05:00,1267.38,-0.050589263,73.213,0.009263727,22.93999,-0.042171608,6.52,0.010852713,218.7,-0.001369863,205.5,0.024937656,50.5,0.016096579,2.31,0.105263158,4.05000019,0.004713483,99.74548384,-0.004771876,5.8,0.035714286,2,0,5.6,0.12,100.1399,-0.005797041,3.35E+11,-0.001044175,61.2,0.085106383,1071.22,0.021844475
2008-08-01 08:30:00-05:00,1282.83,0.003219264,77.381,0.05692978,20.64999,-0.099825676,6.4,-0.018404908,218.9,0.000914495,199,-0.03163017,56,0.108910891,2.11,-0.086580087,3.78399992,-0.065679076,99.12441399,-0.006226546,6.1,0.051724138,2,0,5.4,-0.035714286,99.9141,-0.002254845,3.38E+11,0.009270016,63,0.029411765,,
2008-09-02 08:30:00-05:00,1166.36,-0.038424919,79.448,0.026711984,39.39,0.907506977,6.09,-0.0484375,217,-0.008679762,196.9,-0.010552764,56.1,0.001785714,2.93,0.388625592,3.57399988,-0.05549684,98.37315334,-0.007578967,6.1,0,2,0,4.9,-0.092592593,99.4943,-0.004201609,3.38E+11,0.001077092,70.3,0.115873016,,
2008-10-01 08:30:00-05:00,968.75,-0.130903194,85.633,0.077849663,59.89,0.520436659,6.46,0.060755337,213.2,-0.017511521,186.4,-0.053326562,37.4,-0.333333333,3.55,0.211604096,3.97199988,0.111359825,97.5475549,-0.008392518,6.5,0.06557377,1,-0.5,3.7,-0.244897959,97.9367,-0.015655168,3.37E+11,-0.004552025,57.6,-0.180654339,1080.41,0.008579003
2008-11-03 08:30:00-06:00,896.24,-0.125654033,86.517,0.010323123,55.28,-0.076974453,5.97,-0.075851393,211.4,-0.008442777,176.8,-0.051502146,33.6,-0.101604278,2.92,-0.177464789,3.00500011,-0.243454129,96.75816514,-0.008092358,6.8,0.046153846,1,0,1.1,-0.702702703,93.6585,-0.043683318,3.34E+11,-0.008094521,55.3,-0.039930556,,
2008-12-01 08:30:00-06:00,903.25,-0.039170791,81.152,-0.062010934,40,-0.276410999,5.1,-0.145728643,211.9,0.002365184,170.9,-0.033371041,32.5,-0.032738095,2.14,-0.267123288,2.05599999,-0.315807017,96.09572555,-0.006846343,7.3,0.073529412,0.25,-0.75,0.1,-0.909090909,94.5845,0.009886983,3.28E+11,-0.017069556,60.1,0.086799277,,
2009-01-02 08:30:00-06:00,825.88,-0.035153416,85.999,0.059727425,44.84,0.121,5.1,0,212.7,0.003775366,171.2,0.001755413,33,0.015384615,2.63,0.228971963,2.86400008,0.392996155,95.61755282,-0.004976004,7.8,0.068493151,0.25,0,0,-1,93.3455,-0.013099398,3.15E+11,-0.041155134,61.2,0.018302829,1042.46,-0.035125554
2009-02-02 08:30:00-06:00,735.09,-0.098729228,88.166,0.025197967,46.34999,0.033675067,5.07,-0.005882353,212.5,-0.000940291,169.3,-0.011098131,33.2,0.006060606,2.76,0.049429658,3,0.047486004,95.35678426,-0.002727204,8.3,0.064102564,0.25,0,0.2,inf,90.7183,-0.028144903,3.01E+11,-0.042873932,56.3,-0.080065359,,
2009-03-02 08:30:00-06:00,797.87,-0.019728144,85.537,-0.029818751,44.14,-0.047680485,4.85,-0.043392505,212.7,0.000941176,168.1,-0.007088009,33.1,-0.003012048,2.5,-0.094202899,2.72300005,-0.092333317,95.32857121,-0.000295868,8.7,0.048192771,0.25,0,-0.4,-3,88.4683,-0.024802052,2.94E+11,-0.024249001,57.3,0.017761989,,
2009-04-01 08:30:00-05:00,872.81,0.09097575,84.796,-0.008662918,36.5,-0.173085637,4.78,-0.01443299,213,0.001410437,169.1,0.00594884,38.9,0.175226586,3.02,0.208,3.10700011,0.141020952,95.52176208,0.002026579,9,0.034482759,0.25,0,-0.7,0.75,87.936,-0.006016844,2.99E+11,0.01580818,65.1,0.136125654,998.54,-0.042131113
2009-05-01 08:30:00-05:00,919.14,0.075300048,79.348,-0.064248314,28.92,-0.207671233,4.91,0.027196653,214.8,0.008450704,170.8,0.010053223,37.5,-0.035989717,3.33,0.102649007,3.61199999,0.162536164,95.87152734,0.003661629,9.4,0.044444444,0.25,0,-1.3,0.857142857,86.5503,-0.015758051,2.98E+11,-0.003488765,68.7,0.055299539,,
2009-06-01 08:30:00-05:00,919.32,0.028294305,80.149,0.010094772,26.34999,-0.088866183,5.42,0.103869654,214.7,-0.000465549,174.1,0.019320843,40.9,0.090666667,3.34,0.003003003,3.48099995,-0.036268007,96.31575597,0.004633582,9.5,0.010638298,0.25,0,-1.4,0.076923077,85.8598,-0.00797802,2.92E+11,-0.017911441,70.8,0.030567686,,
2009-07-01 08:30:00-05:00,987.48,0.035667379,78.347,-0.022483125,25.92,-0.016318412,5.25,-0.031365314,215.4,0.003260363,172.5,-0.009190121,43.6,0.06601467,3.34,0,3.61500001,0.038494703,96.79970831,0.005024644,9.5,0,0.25,0,-2.1,0.5,84.9991,-0.010024482,2.94E+11,0.004495381,66,-0.06779661,943.25,-0.055370841
2009-08-03 08:30:00-05:00,1020.62,0.05373369,78.148,-0.002539982,26.00999,0.003471836,5.14,-0.020952381,215.9,0.002321263,175,0.014492754,49.5,0.135321101,3.25,-0.026946108,3.45300007,-0.044813261,97.28828582,0.005047304,9.6,0.010526316,0.25,0,-1.5,-0.285714286,84.7277,-0.003192975,2.97E+11,0.009832637,65.7,-0.004545455,,
2009-09-01 08:30:00-05:00,1057.08,0.032702751,76.703,-0.018490556,25.60999,-0.015378706,5.04,-0.019455253,216.5,0.002779064,174.1,-0.005142857,46.7,-0.056565657,3.17,-0.024615385,3.29200006,-0.046626124,97.75545488,0.004801905,9.8,0.020833333,0.25,0,-1.3,-0.133333333,85.7091,0.011582989,3.02E+11,0.019116293,73.5,0.118721461,,
2009-10-01 08:30:00-05:00,1036.19,0.006982568,76.3,-0.005254032,30.68999,0.198360093,5.03,-0.001984127,217.2,0.003233256,175.2,0.006318208,53.9,0.154175589,3.36,0.059936909,3.49499989,0.061664589,98.18717138,0.004416291,10,0.020408163,0.25,0,-0.2,-0.846153846,86.6333,0.010782986,3.03E+11,0.002094854,70.6,-0.039455782,902.59,-0.043106281
2009-11-02 08:30:00-06:00,1095.63,0.019468222,74.803,-0.019619921,24.50999,-0.20136859,4.78,-0.049701789,217.3,0.000460405,177.4,0.012557078,55.3,0.025974026,3.15,-0.0625,3.26799989,-0.064949931,98.58341245,0.004035569,9.9,-0.01,0.25,0,1.8,-10,87.3615,0.008405544,3.09E+11,0.020544778,67.4,-0.045325779,,
2009-12-01 08:30:00-06:00,1115.1,0.038549402,77.86,0.040867345,21.67999,-0.115463123,5.14,0.075313808,217.5,0.000920387,178.1,0.003945885,55.3,0,3.79,0.203174603,3.79299998,0.160648748,98.94790322,0.003697283,9.9,0,0.25,0,2.7,0.5,87.5488,0.002143965,3.01E+11,-0.025855681,72.5,0.075667656,,
2010-01-04 08:30:00-06:00,1073.87,-0.010641421,79.477,0.020768045,24.62,0.13560938,4.98,-0.031128405,217.3,-0.00091954,181.9,0.021336328,59,0.066907776,3.55,-0.063324538,3.64199996,-0.039810182,99.26342017,0.003188718,9.8,-0.01010101,0.25,0,2.6,-0.037037037,87.9144,0.004175957,3.04E+11,0.010367634,74.4,0.026206897,908.4,0.006437031
2010-02-01 08:30:00-06:00,1104.49,-0.005501203,80.362,0.011135297,19.5,-0.207961007,5.05,0.014056225,217.4,0.000460193,181,-0.004947774,57.3,-0.028813559,3.48,-0.01971831,3.63199997,-0.002745741,99.50065669,0.002389969,9.8,0,0.25,0,2.1,-0.192307692,88.2318,0.00361033,3.07E+11,0.008288564,73.6,-0.010752688,,
2010-03-01 08:30:00-06:00,1169.43,0.044257659,81.095,0.009121226,17.59,-0.097948718,4.99,-0.011881188,217.4,0,183.3,0.012707182,59.1,0.031413613,3.68,0.057471264,3.85800004,0.062224689,99.66080144,0.001609484,9.9,0.010204082,0.25,0,2.3,0.095238095,89.1936,0.010900832,3.08E+11,0.005667237,73.6,0,,
2010-04-01 08:30:00-05:00,1186.68,0.036539637,81.866,0.009507368,22.04999,0.253552587,5.06,0.014028056,217.3,-0.000459982,184.4,0.006001091,60.9,0.030456853,3.53,-0.04076087,3.73000002,-0.033177817,99.72769411,0.000671203,9.9,0,0.25,0,2.2,-0.043478261,89.5089,0.003535007,3.08E+11,-0.000226968,72.2,-0.019021739,918.98,0.011646852
2010-05-03 08:30:00-05:00,1089.41,-0.033898664,86.53,0.056971148,32.06999,0.454421975,4.78,-0.055335968,217.2,-0.000460193,184.8,0.002169197,63.8,0.047619048,3.15,-0.107648725,3.35700011,-0.099999975,99.71018858,-0.000175533,9.6,-0.03030303,0.25,0,2,-0.090909091,90.1449,0.007105439,3.09E+11,0.000729707,73.6,0.019390582,,
2010-06-01 08:30:00-05:00,1030.71,-0.070224497,86.036,-0.005709003,34.53999,0.077019045,4.69,-0.018828452,217.6,0.001841621,183.5,-0.007034632,61.8,-0.031347962,2.79,-0.114285714,2.95300007,-0.120345555,99.64372422,-0.000666575,9.4,-0.020833333,0.25,0,1.1,-0.45,90.474,0.003650789,3.16E+11,0.0240336,76,0.032608696,,
2010-07-01 08:30:00-05:00,1101.6,0.006935756,81.539,-0.052268818,23.5,-0.319629218,4.54,-0.031982942,217.9,0.001378676,184.1,0.003269755,64.2,0.038834951,2.79,0,2.98799992,0.011852302,99.58635413,-0.000575752,9.4,0,0.25,0,1.2,0.090909091,91.7131,0.013695647,3.19E+11,0.008921338,67.8,-0.107894737,932.49,0.014701082
2010-08-02 08:30:00-05:00,1049.33,0.011328363,83.099,0.019131949,26.05,0.108510638,4.36,-0.039647577,218.3,0.001835704,184.9,0.004345464,59.8,-0.068535826,2.33,-0.164874552,2.52999997,-0.153279773,99.58336277,-3.00E-05,9.5,0.010638298,0.25,0,1.1,-0.083333333,91.9287,0.002350809,3.16E+11,-0.010172426,68.9,0.016224189,,
2010-09-01 08:30:00-05:00,1141.2,0.015791475,78.807,-0.051649238,23.7,-0.090211132,4.32,-0.009174312,219,0.003206596,184.9,0,61.8,0.033444816,2.37,0.017167382,2.50500011,-0.009881368,99.64484999,0.000617445,9.5,0,0.25,0,1.1,0,92.2737,0.003752909,3.15E+11,-0.002126379,68.2,-0.010159652,,
2010-10-01 08:30:00-05:00,1183.26,0.061996787,77.266,-0.019554101,21.2,-0.105485232,4.23,-0.020833333,219.6,0.002739726,186.6,0.009194159,61.6,-0.003236246,2.51,0.05907173,2.65899992,0.061476967,99.75772772,0.0011328,9.4,-0.010526316,0.25,0,1.2,0.090909091,92.615,0.003698779,3.16E+11,0.002928016,67.7,-0.007331378,945.99,0.014477367
2010-11-01 08:30:00-05:00,1180.55,0.016980767,81.263,0.051730386,23.53999,0.110376887,4.4,0.040189125,220.5,0.004098361,187.7,0.005894962,61.4,-0.003246753,2.64,0.051792829,2.82599998,0.06280559,99.91560898,0.001582647,9.8,0.042553191,0.25,0,1.1,-0.083333333,92.8668,0.002718782,3.17E+11,0.004423532,71.6,0.05760709,,
2010-12-01 08:30:00-06:00,1257.64,0.032954958,79.028,-0.027503292,17.75,-0.245963996,4.86,0.104545455,221.2,0.003174603,189.7,0.010655301,64.5,0.050488599,3.18,0.204545455,3.3670001,0.191436703,100.0833654,0.001678981,9.3,-0.051020408,0.25,0,1.5,0.363636364,92.6138,-0.002724332,3.20E+11,0.0096246,74.5,0.040502793,,
2011-01-03 08:30:00-06:00,1286.12,0.04070795,77.744,-0.016247406,19.53,0.10028169,4.8,-0.012345679,221.9,0.003164557,192.7,0.015814444,65.9,0.021705426,3.27,0.028301887,3.38899994,0.006533959,100.2239092,0.001404267,9.1,-0.021505376,0.25,0,1.6,0.066666667,92.6772,0.000684563,3.24E+11,0.011980853,74.2,-0.004026846,962.71,0.017674605
2011-02-01 08:30:00-06:00,1327.22,0.028548515,76.856,-0.011422103,18.35001,-0.060419355,4.95,0.03125,223,0.004957188,195.8,0.016087182,64.7,-0.018209408,3.27,0,3.45000005,0.017999443,100.3052137,0.000811229,9,-0.010989011,0.25,0,2.1,0.3125,93.5741,0.009677677,3.27E+11,0.010459799,77.5,0.044474394,,
2011-03-01 08:30:00-06:00,1325.83,0.014566038,76.004,-0.011085667,17.74001,-0.033242489,4.86,-0.018181818,224.1,0.004932735,199.2,0.017364658,68.6,0.060278207,3.38,0.033639144,3.44400001,-0.001739142,100.2953872,-9.80E-05,9,0,0.25,0,2.7,0.285714286,93.3793,-0.002081773,3.30E+11,0.006937659,67.5,-0.129032258,,
2011-04-01 08:30:00-05:00,1363.61,0.014549044,72.933,-0.040405768,14.75,-0.168546128,4.78,-0.016460905,224.8,0.003123606,203.1,0.019578313,66.1,-0.036443149,3.28,-0.029585799,3.31599998,-0.037166095,100.1934599,-0.001016271,9.1,0.011111111,0.25,0,3.2,0.185185185,93.0051,-0.004007312,3.32E+11,0.007647986,69.8,0.034074074,981.21,0.019216587
2011-05-02 08:30:00-05:00,1345.2,0.006431274,74.508,0.021595163,15.45,0.047457627,4.6,-0.037656904,224.8,0,204.1,0.004923683,58.6,-0.113464448,2.99,-0.088414634,3.06159997,-0.076718942,100.0117096,-0.001813994,9,-0.010989011,0.25,0,3.6,0.125,93.978,0.010460717,3.35E+11,0.007222781,74.3,0.064469914,,
2011-06-01 08:30:00-05:00,1320.64,-0.016444007,74.379,-0.001731358,16.52,0.069255663,4.51,-0.019565217,225.4,0.002669039,203.9,-0.000979912,63.6,0.085324232,3.15,0.053511706,3.12100005,0.019401646,99.76797113,-0.002437099,9.1,0.011111111,0.25,0,3.6,0,93.6525,-0.003463577,3.38E+11,0.009916876,71.5,-0.037685061,,
2011-07-01 08:30:00-05:00,1292.28,-0.019851154,73.897,-0.006480324,25.25,0.528450363,4.55,0.00886918,226.1,0.00310559,204.6,0.003433055,61.9,-0.02672956,2.72,-0.136507937,2.95499992,-0.053188122,99.50703914,-0.002615388,9,-0.010989011,0.25,0,3.6,0,93.7878,0.001444702,3.40E+11,0.005065074,63.7,-0.109090909,1007.77,0.027068619
2011-08-01 08:30:00-05:00,1218.89,-0.038822467,74.14,0.003288361,31.62,0.252277228,4.22,-0.072527473,226.6,0.002211411,203.2,-0.00684262,59.1,-0.045234249,2.21,-0.1875,2.17600012,-0.263620921,99.28895922,-0.002191603,9,0,0.25,0,3.8,0.055555556,94.0378,0.002665592,3.39E+11,-0.001601352,55.8,-0.124018838,,
2011-09-01 08:30:00-05:00,1131.42,-0.064081737,78.553,0.059522525,42.96001,0.358634092,4.01,-0.049763033,226.8,0.000882613,203.7,0.00246063,62.5,0.057529611,1.9,-0.140271493,2.00200009,-0.079963245,99.17583216,-0.001139372,9,0,0.25,0,3.9,0.026315789,94.5146,0.005070302,3.42E+11,0.007718866,59.5,0.066308244,,
2011-10-03 08:30:00-05:00,1253.3,0.014451998,76.49,-0.026262523,29.96001,-0.302607006,4.1,0.02244389,227.2,0.001763668,201.1,-0.012763868,59.3,-0.0512,2.16,0.136842105,2.38499999,0.191308633,99.19631195,0.0002065,8.8,-0.022222222,0.25,0,3.5,-0.102564103,95.1263,0.006472016,3.41E+11,-0.001021104,60.8,0.021848739,1032.93,0.024966014
2011-11-01 08:30:00-05:00,1246.96,0.047577909,78.388,0.024813701,27.8,-0.072096438,3.98,-0.029268293,227.2,0,201.4,0.001491795,61.1,0.030354132,2.07,-0.041666667,1.98800004,-0.166457003,99.32940708,0.001341735,8.6,-0.022727273,0.25,0,3.4,-0.028571429,95.0732,-0.000558205,3.42E+11,0.002000363,63.7,0.047697368,,
2011-12-01 08:30:00-06:00,1257.6,0.00262214,80.178,0.022835128,23.39999,-0.158273741,3.95,-0.007537688,227.8,0.002640845,199.8,-0.007944389,61.5,0.006546645,1.87,-0.096618357,1.89900005,-0.044768606,99.52689513,0.001988213,8.5,-0.011627907,0.25,0,3,-0.117647059,95.7291,0.006898895,3.46E+11,0.010592744,69.9,0.09733124,,
2012-01-03 08:30:00-06:00,1312.41,0.026655913,79.283,-0.011162663,19.44,-0.169230414,3.98,0.007594937,228.3,0.002194908,200.7,0.004504505,57.4,-0.066666667,1.77,-0.053475936,1.84599996,-0.027909473,99.72371618,0.001977566,8.3,-0.023529412,0.25,0,2.9,-0.033333333,95.7455,0.000171317,3.48E+11,0.006354394,75,0.072961373,1052.83,0.019265584
2012-02-01 08:30:00-06:00,1365.68,0.041559229,78.818,-0.005865066,18.42999,-0.051955247,3.95,-0.007537688,228.8,0.002190101,201.6,0.004484305,61.7,0.074912892,1.9,0.073446328,1.94099998,0.051462634,99.86369756,0.001403692,8.3,0,0.25,0,2.9,0,96.2147,0.004900491,3.49E+11,0.003489087,75.3,0.004,,
2012-03-01 08:30:00-06:00,1408.47,0.035935522,79.004,0.002359867,15.5,-0.158979468,3.99,0.010126582,229.2,0.001748252,204.2,0.012896825,61.8,0.001620746,2.16,0.136842105,2.15899992,0.112313211,99.92363477,0.00060019,8.2,-0.012048193,0.25,0,2.7,-0.068965517,96.8051,0.006136276,3.50E+11,0.001618188,76.2,0.011952191,,
2012-04-02 08:30:00-05:00,1397.91,0.011537755,78.765,-0.003025163,17.14999,0.106450968,3.88,-0.027568922,228.7,-0.002181501,203.7,-0.00244858,57.6,-0.067961165,1.85,-0.143518519,1.94700003,-0.098193561,99.90659148,-0.000170563,8.2,0,0.25,0,2.3,-0.148148148,97.1033,0.003080416,3.53E+11,0.008621158,76.4,0.002624672,1069.27,0.015615057
2012-05-01 08:30:00-05:00,1310.33,-0.034988134,83.059,0.0545166,24.06,0.40291627,3.75,-0.033505155,228.5,-0.000874508,201.9,-0.008836524,53,-0.079861111,1.52,-0.178378378,1.61899996,-0.168464337,99.83138197,-0.000752798,8.2,0,0.25,0,1.7,-0.260869565,96.5973,-0.005210945,3.57E+11,0.013321578,79.3,0.037958115,,
2012-06-01 08:30:00-05:00,1362.16,-0.013352091,81.627,-0.017240757,17.08,-0.290108063,3.66,-0.024,228.6,0.000437637,199.8,-0.010401189,55.2,0.041509434,1.58,0.039473684,1.58399999,-0.021618265,99.73298716,-0.00098561,8.2,0,0.25,0,1.7,0,97.3006,0.007280742,3.59E+11,0.003572678,73.2,-0.076923077,,
2012-07-02 08:30:00-05:00,1379.32,0.026055097,82.694,0.013071655,18.92999,0.108313232,3.49,-0.046448087,229.9,0.005686789,200.1,0.001501502,54.8,-0.007246377,1.4,-0.113924051,1.5,-0.053030297,99.65778342,-0.000754051,8.2,0,0.25,0,1.4,-0.176470588,97.5046,0.002096595,3.57E+11,-0.005129463,72.3,-0.012295082,1073.99,0.004414227
2012-08-01 08:30:00-05:00,1406.58,0.016139916,81.208,-0.017969865,17.47,-0.077125767,3.59,0.028653295,231,0.004784689,202.7,0.012993503,54.1,-0.012773723,1.48,0.057142857,1.62800002,0.085333347,99.62800078,-0.000298849,8.1,-0.012195122,0.25,0,1.7,0.214285714,97.4903,-0.00014666,3.56E+11,-0.002292138,74.3,0.027662517,,
2012-09-04 08:30:00-05:00,1440.67,0.022007251,79.935,-0.015675795,15.73,-0.099599313,3.4,-0.052924791,231.6,0.002597403,204.4,0.008386778,51.9,-0.040665434,1.55,0.047297297,1.65600002,0.017199017,99.65527109,0.000273721,7.8,-0.037037037,0.25,0,2,0.176470588,97.7234,0.002391007,3.52E+11,-0.011355019,78.3,0.053835801,,
2012-10-01 08:30:00-05:00,1412.16,0.002054643,79.963,0.000350285,18.60001,0.182454545,3.41,0.002941176,231.2,-0.001727116,203.5,-0.004403131,48.1,-0.073217726,1.61,0.038709677,1.72099996,0.039251171,99.71850812,0.000634558,7.8,0,0.25,0,2.2,0.1,97.313,-0.004199608,3.54E+11,0.00557653,82.6,0.054916986,1076.99,0.002793322
2012-11-01 08:30:00-05:00,1416.18,-0.008650361,80.153,0.002376099,15.87,-0.146774652,3.32,-0.026392962,231.2,0,201.8,-0.008353808,48.7,0.012474012,1.54,-0.043478261,1.62,-0.058686788,99.80309801,0.000848287,7.7,-0.012820513,0.25,0,1.8,-0.181818182,97.2405,-0.000745019,3.59E+11,0.01299813,82.7,0.001210654,,
2012-12-03 08:30:00-06:00,1426.19,0.005002864,79.764,-0.004853218,18.02,0.13547574,3.35,0.009036145,231.7,0.00216263,201.5,-0.00148662,51.3,0.05338809,1.73,0.123376623,1.73399997,0.070370352,99.9128809,0.001099995,7.9,0.025974026,0.25,0,1.7,-0.055555556,97.561,0.003295952,3.61E+11,0.007794743,72.9,-0.118500605,,
2013-01-02 08:30:00-06:00,1498.11,0.028766627,79.206,-0.006995637,14.28,-0.20754717,3.53,0.053731343,232.9,0.005179111,202.5,0.004962779,53.5,0.04288499,1.95,0.12716763,1.99199998,0.148788936,100.0401909,0.00127421,8,0.012658228,0.25,0,1.6,-0.058823529,97.9589,0.004078474,3.62E+11,0.00136702,73.8,0.012345679,1092.37,0.014280541
2013-02-01 08:30:00-06:00,1514.68,0.030260233,81.939,0.034504962,15.51,0.086134454,3.51,-0.005665722,232.3,-0.002576213,204.3,0.008888889,55.8,0.042990654,1.78,-0.087179487,1.89999998,-0.046184739,100.169431,0.001291882,7.7,-0.0375,0.25,0,2,0.25,98.2061,0.002523507,3.63E+11,0.002768996,77.6,0.051490515,,
2013-03-01 08:30:00-06:00,1569.19,0.02359275,82.976,0.012655756,12.7,-0.181173436,3.57,0.017094017,231.8,-0.002152389,204,-0.001468429,55.4,-0.007168459,1.8,0.011235955,1.852,-0.025263148,100.2801151,0.001104969,7.5,-0.025974026,0.25,0,1.5,-0.25,98.199,-7.23E-05,3.64E+11,0.004345957,78.6,0.012886598,,
2013-04-01 08:30:00-05:00,1597.57,0.026875322,81.724,-0.0150887,13.52,0.064566929,3.4,-0.047619048,231.9,0.000431406,203.5,-0.00245098,50.3,-0.092057762,1.65,-0.083333333,1.66700006,-0.099891976,100.384401,0.001039946,7.6,0.013333333,0.25,0,1.1,-0.266666667,98.6835,0.004933859,3.67E+11,0.00777625,76.4,-0.027989822,1095.81,0.003149116
2013-05-01 08:30:00-05:00,1630.74,0.019433173,83.375,0.020202144,16.3,0.205621302,3.81,0.120588235,232.4,0.002156102,204.1,0.002948403,57.4,0.141153082,2.12,0.284848485,2.11899996,0.271145701,100.4875479,0.001027519,7.5,-0.013157895,0.25,0,1.4,0.272727273,99.0994,0.004214484,3.73E+11,0.014261715,84.5,0.106020942,,
2013-06-03 08:30:00-05:00,1606.28,0.003004687,83.136,-0.002866567,16.86,0.034355828,4.46,0.170603675,232.9,0.002151463,204.3,0.000979912,53.2,-0.073170732,2.48,0.169811321,2.47399998,0.167531867,100.5692261,0.000812819,7.5,0,0.25,0,1.8,0.285714286,98.9898,-0.00110596,3.69E+11,-0.009269425,84.1,-0.004733728,,
2013-07-01 08:30:00-05:00,1685.73,0.017764107,81.669,-0.017645785,13.45,-0.202253855,4.31,-0.033632287,233.5,0.002576213,204.4,0.000489476,52.2,-0.018796992,2.56,0.032258065,2.60599995,0.053354879,100.6172944,0.000477962,7.3,-0.026666667,0.25,0,2,0.111111111,99.0782,0.000893021,3.67E+11,-0.004801361,85.1,0.011890606,1104.96,0.008349988
2013-08-01 08:30:00-05:00,1632.97,0.008156552,82.029,0.004408037,17.00999,0.264683271,4.51,0.046403712,233.5,0,204.2,-0.000978474,53.6,0.026819923,2.75,0.07421875,2.76200008,0.059861908,100.641767,0.000243225,7.2,-0.01369863,0.25,0,1.5,-0.25,99.2141,0.001371644,3.70E+11,0.006419995,82.1,-0.035252644,,
2013-09-03 08:30:00-05:00,1681.55,-0.001471832,80.224,-0.022004413,16.6,-0.024102895,4.32,-0.042128603,233.7,0.000856531,203.9,-0.001469148,56.7,0.057835821,2.62,-0.047272727,2.59540009,-0.060318604,100.6503359,8.51E-05,7.2,0,0.25,0,1.2,-0.2,98.9132,-0.003032835,3.71E+11,0.003243626,77.5,-0.056029233,,
2013-10-01 08:30:00-05:00,1756.54,0.036608892,80.242,0.000224372,13.75,-0.171686747,4.1,-0.050925926,234.1,0.001711596,202.5,-0.006866111,61.7,0.088183422,2.53,-0.034351145,2.53800011,-0.022116043,100.65078,4.41E-06,7.2,0,0.25,0,1,-0.166666667,99.4891,0.005822277,3.73E+11,0.007010978,73.2,-0.055483871,1115.38,0.009430206
2013-11-01 08:30:00-05:00,1805.81,0.036511144,80.645,0.005022308,13.7,-0.003636364,4.29,0.046341463,234.7,0.002563007,201.2,-0.006419753,62.2,0.008103728,2.69,0.063241107,2.74810004,0.082781687,100.6507643,-1.56E-07,6.9,-0.041666667,0.25,0,1.2,0.2,100.0172,0.005308119,3.72E+11,-0.002752733,75.1,0.025956284,,
2013-12-02 08:30:00-06:00,1848.36,0.02536113,80.206,-0.005443611,13.72,0.001459854,4.48,0.044289044,235.3,0.002556455,202,0.003976143,59.7,-0.040192926,2.97,0.104089219,2.97199988,0.081474414,100.6417272,-8.98E-05,6.7,-0.028985507,0.25,0,1.5,0.25,99.9038,-0.001133805,3.73E+11,0.000257774,82.5,0.098535286,,
2014-01-02 08:30:00-06:00,1782.59,-0.007239576,81.252,0.013041418,18.41,0.341836735,4.32,-0.035714286,235.5,0.000849979,203.8,0.008910891,58.8,-0.015075377,2.65,-0.107744108,2.69700003,-0.092530236,100.6279112,-0.000137279,6.6,-0.014925373,0.25,0,1.6,0.066666667,100.1479,0.002443351,3.73E+11,0.002622713,81.2,-0.015757576,1116.81,0.001282074
2014-02-03 08:30:00-06:00,1859.45,0.003770205,79.776,-0.018165707,14,-0.239543726,4.37,0.011574074,236,0.002123142,205.7,0.009322866,61.6,0.047619048,2.61,-0.01509434,2.63899994,-0.021505409,100.6382872,0.000103113,6.7,0.015151515,0.25,0,1.1,-0.3125,100.3576,0.002093903,3.74E+11,0.00119949,81.6,0.004926108,,
2014-03-03 08:30:00-06:00,1872.34,0.024131484,80.108,0.004161653,13.88,-0.008571429,4.4,0.006864989,236.5,0.002118644,207,0.006319883,61,-0.00974026,2.68,0.026819923,2.72440004,0.032360781,100.6756095,0.000370856,6.7,0,0.25,0,1.5,0.363636364,99.9828,-0.003734645,3.77E+11,0.007169599,80,-0.019607843,,
2014-04-01 08:30:00-05:00,1883.95,0.007477172,79.511,-0.007452439,13.41,-0.033861671,4.33,-0.015909091,236.9,0.001691332,208.3,0.006280193,64,0.049180328,2.64,-0.014925373,2.69700003,-0.010057264,100.7244786,0.000485412,6.2,-0.074626866,0.25,0,2,0.333333333,100.7485,0.007658317,3.73E+11,-0.008746193,84.1,0.05125,1126,0.008228795
2014-05-01 08:30:00-05:00,1923.57,0.013318573,80.391,0.011067651,11.4,-0.149888143,4.12,-0.048498845,237.2,0.001266357,208,-0.00144023,66.2,0.034375,2.44,-0.075757576,2.48,-0.08045978,100.7710708,0.000462571,6.3,0.016129032,0.25,0,2.1,0.05,101.7391,0.009832404,3.79E+11,0.014070774,81.9,-0.026159334,,
2014-06-02 08:30:00-05:00,1960.23,0.019994958,79.78,-0.007600353,11.57,0.014912281,4.14,0.004854369,237.5,0.001264755,208.3,0.001442308,62.8,-0.051359517,2.49,0.020491803,2.53,0.02016129,100.8107011,0.000393271,6.1,-0.031746032,0.25,0,2.1,0,101.8023,0.000621197,3.82E+11,0.010100903,82.5,0.007326007,,
2014-07-01 08:30:00-05:00,1930.67,0.002281095,81.46,0.021057909,16.95,0.464995678,4.12,-0.004830918,237.5,0,208,-0.00144023,51.8,-0.175159236,2.55,0.024096386,2.56,0.011857708,100.8354317,0.000245317,6.2,0.016393443,0.25,0,2,-0.047619048,102.2116,0.004020538,3.87E+11,0.01072949,81.8,-0.008484848,1141.19,0.013490231
2014-08-01 08:30:00-05:00,2003.37,0.010328901,82.736,0.01566413,11.98,-0.293215339,4.1,-0.004854369,237.5,0,207,-0.004807692,63.4,0.223938224,2.32,-0.090196078,2.34,-0.0859375,100.8473576,0.000118271,6.1,-0.016129032,0.25,0,1.7,-0.15,102.5637,0.003444814,3.87E+11,0.00109183,82.5,0.008557457,,
2014-09-02 08:30:00-05:00,1972.29,0.010980964,85.623,0.034894121,16.31,0.361435726,4.2,0.024390244,237.4,-0.000421053,206.4,-0.002898551,61,-0.03785489,2.5,0.077586207,2.492,0.064957265,100.8454243,-1.92E-05,5.9,-0.032786885,0.25,0,1.7,0,102.8425,0.002718311,3.88E+11,0.00241388,84.6,0.025454545,,
2014-10-01 08:30:00-05:00,2018.05,0.003302015,86.915,0.015089404,14.03,-0.139791539,3.98,-0.052380952,237,-0.00168492,203.4,-0.014534884,60.3,-0.01147541,2.34,-0.064,2.34,-0.060995185,100.8195993,-0.000256085,5.7,-0.033898305,0.25,0,1.7,0,102.6499,-0.001872767,3.88E+11,0.001026136,86.9,0.027186761,1154.86,0.011978724
2014-11-03 08:30:00-06:00,2067.56,0.024133411,88.219,0.015003164,13.33,-0.049893086,3.97,-0.002512563,236.3,-0.002953586,200.9,-0.012291052,59.9,-0.006633499,2.16,-0.076923077,2.19,-0.064102564,100.7732648,-0.000459578,5.8,0.01754386,0.25,0,1.3,-0.235294118,102.9647,0.003066735,3.91E+11,0.007613435,88.8,0.021864212,,
2014-12-01 08:30:00-06:00,2058.9,0.009523297,90.276,0.023316973,19.2,0.44036009,3.87,-0.025188917,234.7,-0.006771054,197,-0.019412643,57.3,-0.043405676,2.13,-0.013888889,2.17,-0.00913242,100.70291,-0.000698149,5.6,-0.034482759,0.25,0,0.8,-0.384615385,102.9704,5.54E-05,3.90E+11,-0.003928766,93.6,0.054054054,,
2015-01-02 08:30:00-06:00,1994.99,-0.017162544,94.846,0.050622535,20.97,0.0921875,3.66,-0.054263566,235.3,0.002556455,192,-0.025380711,58.6,0.022687609,1.66,-0.220657277,1.64,-0.244239631,100.6141113,-0.000881789,5.7,0.017857143,0.25,0,-0.1,-1.125,103.6017,0.006130888,3.91E+11,0.002353213,98.1,0.048076923,1163.32,0.007325563
2015-02-02 08:30:00-06:00,2104.5,0.011662872,95.253,0.004291167,13.34,-0.363853124,3.8,0.038251366,236,0.002974926,191.1,-0.0046875,48.3,-0.175767918,1.98,0.192771084,2,0.219512195,100.5176164,-0.000959059,5.5,-0.035087719,0.25,0,0,-1,103.592,-9.36E-05,3.92E+11,0.002547383,95.4,-0.027522936,,
2015-03-02 08:30:00-06:00,2067.89,0.017543774,98.379,0.032817864,15.29,0.146176912,3.69,-0.028947368,236.2,0.000847458,191.5,0.002093145,49.1,0.016563147,1.91,-0.035353535,1.93,-0.035,100.4217937,-0.000953293,5.4,-0.018181818,0.25,0,-0.1,0,102.798,-0.007664685,3.88E+11,-0.008603342,93,-0.025157233,,
2015-04-01 08:30:00-05:00,2085.51,-0.004787785,94.811,-0.036267903,14.55,-0.048397646,3.68,-0.002710027,237,0.00338696,190.9,-0.003133159,54.3,0.105906314,2.04,0.068062827,2.03,0.051813472,100.329222,-0.000921829,5.4,0,0.25,0,-0.2,1,102.1554,-0.006251094,3.86E+11,-0.006864611,95.9,0.031182796,1156.54,-0.005828147
2015-05-01 08:30:00-05:00,2107.39,0.010023741,96.887,0.021896193,13.84,-0.048797251,3.87,0.051630435,237.7,0.002953586,193.4,0.013095862,49.8,-0.082872928,2.11,0.034313725,2.12,0.044334975,100.231857,-0.000970455,5.6,0.037037037,0.25,0,0,-1,101.8077,-0.003403638,3.85E+11,-0.001177514,90.7,-0.054223149,,
2015-06-01 08:30:00-05:00,2063.11,-0.005487786,95.529,-0.014016328,18.23,0.317196532,4.02,0.03875969,238,0.001262095,194.8,0.007238883,47.7,-0.042168675,2.34,0.109004739,2.35,0.108490566,100.1249321,-0.001066776,5.3,-0.053571429,0.25,0,0.1,inf,101.2285,-0.005689157,3.91E+11,0.015455565,96.1,0.059536935,,
2015-07-01 08:30:00-05:00,2103.84,-0.000218134,97.192,0.017408326,12.12,-0.335161821,3.98,-0.009950249,238,0,193.9,-0.004620123,52.6,0.102725367,2.12,-0.094017094,2.18,-0.072340426,99.98278579,-0.001419689,5.2,-0.018867925,0.25,0,0.2,1,100.7536,-0.004691367,3.91E+11,0.00081574,93.1,-0.031217482,1145.54,-0.009511128
2015-08-03 08:30:00-05:00,1972.18,-0.022578186,95.926,-0.013025763,28.43,1.345709571,3.84,-0.035175879,237.5,-0.00210084,191.9,-0.010314595,53.5,0.017110266,2.13,0.004716981,2.22,0.018348624,99.81653966,-0.001662748,5.1,-0.019230769,0.25,0,0.2,0,100.4529,-0.002984509,3.94E+11,0.007555414,91.9,-0.012889366,,
2015-09-01 08:30:00-05:00,1920.03,-0.045760388,96.282,0.003711194,24.5,-0.13823426,3.86,0.005208333,237.7,0.000842105,189.1,-0.014590933,48.1,-0.100934579,2.06,-0.03286385,2.04,-0.081081081,99.65397112,-0.001628673,5,-0.019607843,0.25,0,0,-1,101.11,0.006541374,3.95E+11,0.001336437,87.2,-0.051142546,,
2015-10-01 08:30:00-05:00,2079.36,0.027991424,96.915,0.006574438,15.07,-0.384897959,3.76,-0.025906736,238,0.001262095,187.5,-0.008461132,53.1,0.103950104,2.08,0.009708738,2.1441,0.051029412,99.52145458,-0.001329767,5,0,0.25,0,0.2,inf,100.8802,-0.002272772,3.98E+11,0.008278905,90,0.032110092,1136.16,-0.008188278
2015-11-02 08:30:00-06:00,2080.41,0.040550036,100.2,0.033895682,16.13,0.070338421,3.95,0.050531915,237.8,-0.000840336,185.7,-0.0096,47,-0.114877589,1.99,-0.043269231,2.2082,0.029895994,99.41157201,-0.001104109,5.1,0.02,0.25,0,0.5,1.5,100.608,-0.00269825,3.98E+11,-0.001049914,91.3,0.014444444,,
2015-12-01 08:30:00-06:00,2043.94,-0.008242874,98.693,-0.01503992,18.21,0.128952263,4.01,0.015189873,237.7,-0.000420521,183.5,-0.011847065,42,-0.106382979,2.11,0.060301508,2.27,0.027986595,99.31318476,-0.000989696,5,-0.019607843,0.5,1,0.7,0.4,100.151,-0.004542382,3.96E+11,-0.004018003,92.6,0.014238773,,
2016-01-04 08:30:00-06:00,1940.24,-0.035966725,99.531,0.008490977,20.2,0.109280615,3.79,-0.054862843,237.3,-0.001682793,182.6,-0.004904632,55.2,0.314285714,1.61,-0.236966825,1.9231,-0.152819383,99.23051812,-0.000832383,4.8,-0.04,0.5,0,1.4,1,99.3817,-0.007681401,3.94E+11,-0.004258896,92,-0.006479482,1127.13,-0.007947824
2016-02-01 08:30:00-06:00,1932.23,-0.027465539,98.15,-0.013875074,20.55,0.017326733,3.62,-0.044854881,238.1,0.00337126,181.3,-0.007119387,49.3,-0.106884058,1.41,-0.124223602,1.7373,-0.096614841,99.17484951,-0.000561003,4.9,0.020833333,0.5,0,1,-0.285714286,98.8572,-0.005277632,3.96E+11,0.004350637,91.7,-0.00326087,,
2016-03-01 08:30:00-06:00,2059.74,0.032994156,94.628,-0.035883851,13.95,-0.321167883,3.71,0.024861878,239,0.003779924,182.1,0.004412576,53.6,0.087221095,1.57,0.113475177,1.7708,0.019282795,99.15532342,-0.000196886,5,0.020408163,0.5,0,0.9,-0.1,99.4086,0.005577742,3.97E+11,0.002784362,91,-0.007633588,,
2016-04-01 08:30:00-05:00,2065.3,0.031297303,93.082,-0.016337659,15.7,0.125448029,3.66,-0.013477089,239.6,0.00251046,183.2,0.006040637,51.9,-0.031716418,1.61,0.025477707,1.835,0.0362548,99.15842228,3.13E-05,5.1,0.02,0.5,0,1.1,0.222222222,98.8946,-0.005170579,3.95E+11,-0.006716275,89,-0.021978022,1127.97,0.000745256
2016-05-02 08:30:00-05:00,2096.96,0.010240373,95.798,0.029178574,14.19,-0.096178344,3.64,-0.005464481,240.2,0.002504174,185.3,0.011462882,50.5,-0.026974952,1.5,-0.068322981,1.8485,0.007356948,99.17131936,0.000130065,4.8,-0.058823529,0.5,0,1,-0.090909091,98.1385,-0.007645514,3.98E+11,0.00905529,94.7,0.064044944,,
2016-06-01 08:30:00-05:00,2098.86,0.006884992,95.963,0.001722374,15.63,0.101479915,3.48,-0.043956044,240.1,-0.00041632,187.6,0.012412304,54.3,0.075247525,1.23,-0.18,1.4726,-0.203354071,99.18337219,0.000121535,4.9,0.020833333,0.5,0,1,0,98.4364,0.003035506,3.97E+11,-0.002988831,93.5,-0.012671595,,
2016-07-01 08:30:00-05:00,2173.6,0.019113719,95.517,-0.004647625,11.87,-0.24056302,3.48,0,240.5,0.001665973,187.7,0.000533049,54.9,0.011049724,1.18,-0.040650407,1.4544,-0.012359093,99.20439166,0.000211925,4.8,-0.020408163,0.5,0,0.8,-0.2,98.2096,-0.002304026,3.98E+11,0.002871833,90,-0.037433155,1131.21,0.002872417
2016-08-01 08:30:00-05:00,2170.95,0.016653639,95.992,0.004972937,13.42,0.130581297,3.43,-0.014367816,241.2,0.002910603,186.6,-0.005860416,52,-0.052823315,1.25,0.059322034,1.5826,0.088146315,99.24735392,0.000433068,4.9,0.020833333,0.5,0,1.1,0.375,98.6766,0.004755136,4.00E+11,0.004546608,89.8,-0.002222222,,
2016-09-01 08:30:00-05:00,2168.27,-0.001035888,95.422,-0.005937995,13.29,-0.009687034,3.42,-0.002915452,241.7,0.002072968,186.9,0.001607717,54.4,0.046153846,1.31,0.048,1.5979,0.009667636,99.32291136,0.000761304,5,0.020408163,0.5,0,1.5,0.363636364,98.8371,0.001626525,4.05E+11,0.011922712,91.2,0.0155902,,
2016-10-03 08:30:00-05:00,2126.15,-0.011319016,98.356,0.030747626,17.06,0.283671934,3.47,0.014619883,242,0.001241208,186.7,-0.001070091,51.7,-0.049632353,1.5,0.145038168,1.8273,0.143563427,99.43029734,0.00108118,4.9,-0.02,0.5,0,1.6,0.066666667,98.7302,-0.001081578,4.04E+11,-0.002542769,87.2,-0.043859649,1138.43,0.006382546
2016-11-01 08:30:00-05:00,2198.81,0.008626074,101.53,0.032270527,13.33,-0.218640094,4.03,0.161383285,242.6,0.002479339,186.3,-0.002142475,56.4,0.090909091,1.89,0.26,2.3846,0.304985498,99.55138763,0.001217841,4.7,-0.040816327,0.5,0,1.7,0.0625,98.6287,-0.001028054,4.04E+11,0.000527687,93.8,0.075688073,,
2016-12-01 08:30:00-06:00,2238.83,0.025767824,102.21,0.006697528,14.04,0.053263316,4.32,0.071960298,243.6,0.004122012,188.2,0.010198604,52.7,-0.065602837,1.94,0.026455026,2.4503,0.027551791,99.66849222,0.001176323,4.7,0,0.75,0.5,2.1,0.235294118,98.7126,0.000850665,4.06E+11,0.006247199,98.2,0.046908316,,
2017-01-03 08:30:00-06:00,2278.87,0.020599234,99.55,-0.026024851,11.99,-0.146011396,4.19,-0.030092593,244,0.001642036,190.7,0.013283741,50.9,-0.034155598,1.93,-0.005154639,2.4568,0.002652736,99.76074483,0.000925595,4.7,0,0.75,0,2.5,0.19047619,98.3004,-0.004175759,4.07E+11,0.002138372,98.5,0.00305499,1150.68,0.010760433
2017-02-01 08:30:00-06:00,2363.64,0.026220411,101.36,0.018181818,12.92,0.077564637,4.16,-0.007159905,243.9,-0.000409836,191.6,0.004719455,56.7,0.113948919,1.83,-0.051813472,2.3935,-0.025765223,99.82153744,0.000609384,4.6,-0.021276596,0.75,0,2.7,0.08,98.9063,0.006163759,4.06E+11,-0.003391012,96.3,-0.022335025,,
2017-03-01 08:30:00-06:00,2362.72,0.020136668,100.56,-0.00789266,12.37,-0.042569659,4.14,-0.004807692,244.2,0.001230012,191.5,-0.000521921,58,0.02292769,1.64,-0.103825137,2.3901,-0.001420514,99.85631202,0.000348368,4.4,-0.043478261,1,0.333333333,2.4,-0.111111111,98.7349,-0.001732953,4.13E+11,0.018082055,96.9,0.00623053,,
2017-04-03 08:30:00-05:00,2384.2,0.000778013,99.041,-0.01510541,10.82,-0.125303153,4.03,-0.026570048,244,-0.000819001,193,0.007832898,60.4,0.04137931,1.49,-0.091463415,2.2834,-0.044642484,99.87725138,0.000209695,4.4,0,1,0,2.2,-0.083333333,98.4178,-0.00321163,4.16E+11,0.00680766,97,0.001031992,1169.42,0.016286022
2017-05-01 08:30:00-05:00,2411.8,0.011326145,96.983,-0.020779273,10.41,-0.037892791,3.95,-0.019851117,244.2,0.000819672,192.8,-0.001036269,59.6,-0.013245033,1.23,-0.174496644,2.2058,-0.033984409,99.9020738,0.000248529,4.4,0,1,0,1.9,-0.136363636,99.0726,0.006653268,4.16E+11,-3.12E-05,97.1,0.001030928,,
2017-06-01 08:30:00-05:00,2423.41,0.008074495,95.628,-0.013971521,11.18,0.073967339,3.88,-0.017721519,244.2,0,193.6,0.004149378,63.7,0.068791946,1.28,0.040650407,2.305,0.044972346,99.9382068,0.000361684,4.3,-0.022727273,1.25,0.25,1.6,-0.157894737,100.0545,0.009910914,4.15E+11,-0.002569644,95,-0.021627188,,
2017-07-03 08:30:00-05:00,2470.3,0.012942596,92.847,-0.029081441,10.26,-0.082289803,3.92,0.010309278,245.2,0.004095004,193.5,-0.000516529,60.1,-0.056514914,1.23,-0.0390625,2.2969,-0.0035141,99.98293814,0.00044759,4.3,0,1.25,0,1.7,0.0625,100.139,0.00084454,4.17E+11,0.004241557,93.4,-0.016842105,1185.81,0.014015495
2017-08-01 08:30:00-05:00,2471.65,0.00960077,92.567,-0.003015714,10.59,0.032163743,3.82,-0.025510204,246.4,0.004893964,193.8,0.001550388,59.3,-0.013311148,1.11,-0.097560976,2.12,-0.077016849,100.05168,0.000687536,4.4,0.023255814,1.25,0,1.9,0.117647059,100.3148,0.00175556,4.14E+11,-0.005826706,96.8,0.03640257,,
2017-09-01 08:30:00-05:00,2519.36,0.009099267,93.071,0.005444705,9.51,-0.101983003,3.83,0.002617801,246.6,0.000811688,194.8,0.005159959,65.4,0.102866779,1.27,0.144144144,2.3358,0.101792453,100.1379705,0.000862459,4.3,-0.022727273,1.25,0,2.2,0.157894737,100.1418,-0.001724571,4.16E+11,0.005035315,95.1,-0.017561983,,
2017-10-02 08:30:00-05:00,2575.26,0.020561579,94.542,0.015805138,10.18,0.070452156,3.94,0.028720627,247.3,0.002838605,194.9,0.000513347,66.9,0.02293578,1.23,-0.031496063,2.3798,0.018837229,100.2302312,0.000921336,4.2,-0.023255814,1.25,0,2,-0.090909091,99.6878,-0.004533571,4.16E+11,0.000305024,100.7,0.058885384,1203.1,0.014580751
2017-11-01 08:30:00-05:00,2647.58,0.026357511,93.068,-0.015590954,11.28,0.10805501,3.9,-0.010152284,247.8,0.002021836,195.9,0.005130836,62.5,-0.065769806,1.15,-0.06504065,2.4128,0.013866711,100.3158857,0.000854577,4.2,0,1.25,0,2.2,0.1,99.7829,0.000953978,4.17E+11,0.001265346,98.5,-0.021847071,,
2017-12-01 08:30:00-06:00,2673.61,0.016808169,92.297,-0.008284265,11.04,-0.021276596,3.99,0.023076923,248.7,0.003631961,196.3,0.002041858,65.4,0.0464,1.01,-0.12173913,2.4099,-0.001201923,100.3962325,0.000800938,4.1,-0.023809524,1.5,0.2,2.1,-0.045454545,101.0401,0.012599353,4.26E+11,0.022639528,95.9,-0.026395939,,
2018-01-02 08:30:00-06:00,2823.81,0.03550297,89.107,-0.034562337,13.58,0.230072464,4.15,0.040100251,249.4,0.002814636,197.9,0.00815079,65.7,0.004587156,1.26,0.247524752,2.7074,0.123449106,100.4818485,0.000852781,4,-0.024390244,1.5,0,2.1,0,101.226,0.001839864,4.27E+11,0.000471328,95.7,-0.002085506,1231.57,0.023663868
2018-02-01 08:30:00-06:00,2713.83,0.004128885,90.655,0.017372373,19.85,0.461708395,4.4,0.060240964,249.6,0.000801925,199.3,0.00707428,60.3,-0.082191781,1.22,-0.031746032,2.8642,0.057915343,100.5687191,0.00086454,4.1,0.025,1.5,0,2.2,0.047619048,101.3878,0.001598404,4.31E+11,0.010104159,99.7,0.041797283,,
2018-03-01 08:30:00-06:00,2640.87,-0.031497501,89.974,-0.007511996,19.97,0.00604534,4.44,0.009090909,250.1,0.002003205,199.3,0,58.5,-0.029850746,1.01,-0.172131148,2.7389,-0.043746945,100.6306862,0.000616167,4,-0.024390244,1.75,0.166666667,2.4,0.090909091,101.345,-0.000422142,4.34E+11,0.007336989,101.4,0.017051153,,
2018-04-02 08:30:00-05:00,2648.05,-0.013926204,91.817,0.020483695,15.93,-0.202303455,4.58,0.031531532,250.8,0.00279888,200.3,0.005017561,59.6,0.018803419,1.08,0.069306931,2.9545,0.078717733,100.6581149,0.000272568,4,0,1.75,0,2.5,0.041666667,101.7068,0.003569984,4.32E+11,-0.005399317,98.8,-0.025641026,1259.18,0.022418539
2018-05-01 08:30:00-05:00,2705.27,0.012763419,93.977,0.023525055,15.43,-0.03138732,4.56,-0.004366812,251.1,0.001196172,203.2,0.014478283,62.9,0.055369128,0.9,-0.166666667,2.8608,-0.031714334,100.6574226,-6.88E-06,3.8,-0.05,1.75,0,2.8,0.12,102.2785,0.00562106,4.35E+11,0.006591243,98,-0.008097166,,
2018-06-01 08:30:00-05:00,2718.37,0.016481863,94.47,0.005245964,16.09,0.042773817,4.55,-0.002192982,251.3,0.000796495,204.2,0.00492126,64.7,0.028616852,0.92,0.022222222,2.862,0.000419463,100.6340823,-0.000231879,4,0.052631579,2,0.142857143,2.9,0.035714286,103.434,0.011297585,4.33E+11,-0.003202717,98.2,0.002040816,,
2018-07-02 08:30:00-05:00,2816.29,0.015480764,94.551,0.000857415,12.83,-0.202610317,4.54,-0.002197802,251.7,0.001591723,204.3,0.000489716,67.1,0.037094281,0.93,0.010869565,2.9626,0.035150245,100.5899154,-0.000438886,3.8,-0.05,2,0,2.9,0,102.4735,-0.009286115,4.35E+11,0.004205531,97.9,-0.00305499,1292.84,0.026731683
2018-08-01 08:30:00-05:00,2901.52,0.036486369,95.099,0.005795814,12.86,0.00233827,4.52,-0.004405286,252.2,0.001986492,203.4,-0.004405286,63.2,-0.058122206,0.75,-0.193548387,2.8617,-0.034057922,100.5227439,-0.000667776,3.8,0,2,0,2.7,-0.068965517,103.2508,0.007585376,4.40E+11,0.010798486,96.2,-0.017364658,,
2018-09-04 08:30:00-05:00,2913.98,0.015421069,95.134,0.000368038,12.12,-0.057542768,4.72,0.044247788,252.9,0.002775575,203.6,0.000983284,61.3,-0.030063291,0.86,0.146666667,3.0635,0.070517525,100.4151294,-0.001070549,3.7,-0.026315789,2.25,0.125,2.3,-0.148148148,103.4588,0.002014512,4.38E+11,-0.005075507,100.1,0.040540541,,
2018-10-01 08:30:00-05:00,2711.74,-0.029755943,97.105,0.020718145,21.23,0.751650165,4.86,0.029661017,252.7,-0.000790826,204.6,0.004911591,59.8,-0.024469821,0.81,-0.058139535,3.1454,0.026734128,100.2681725,-0.001463494,3.8,0.027027027,2.25,0,2.5,0.086956522,104.1802,0.006972824,4.40E+11,0.006616735,98.6,-0.014985015,1325.89,0.025563875
2018-11-01 08:30:00-05:00,2760.17,-0.028428369,97.197,0.000947428,18.07,-0.148845973,4.81,-0.010288066,252.6,-0.000395726,202.3,-0.011241447,63.3,0.058528428,0.64,-0.209876543,2.991,-0.049087556,100.1040647,-0.001636689,3.8,0,2.25,0,2.2,-0.12,104.1665,-0.000131503,4.40E+11,-0.00123972,97.5,-0.011156187,,
2018-12-03 08:30:00-06:00,2506.85,-0.03293323,96.024,-0.012068274,25.42,0.406751522,4.55,-0.054054054,252.5,-0.000395883,201,-0.0064261,62.4,-0.014218009,0.24,-0.625,2.68600011,-0.101972548,99.94885468,-0.001550487,3.9,0.026315789,2.5,0.111111111,1.9,-0.136363636,104.0476,-0.001141442,4.39E+11,-0.001204885,98.3,0.008205128,,
2019-01-02 08:30:00-06:00,2704.1,-0.021952486,95.557,-0.004863367,16.57,-0.348151062,4.46,-0.01978022,253.1,0.002376238,199.1,-0.009452736,58.4,-0.064102564,0.22,-0.083333333,2.63100004,-0.02047657,99.82040596,-0.001285144,4,0.025641026,2.5,0,1.6,-0.157894737,103.9603,-0.000839039,4.44E+11,0.010929882,91.2,-0.072227874,1343.01,0.012912082
2019-02-01 08:30:00-06:00,2784.49,0.059013021,96.221,0.006948732,14.78,-0.108026554,4.35,-0.024663677,254.3,0.004741209,199.2,0.00050226,61.5,0.053082192,0.28,0.272727273,2.71679997,0.032611147,99.72456638,-0.00096012,3.8,-0.05,2.5,0,1.5,-0.0625,103.869,-0.00087822,4.46E+11,0.003735241,93.8,0.028508772,,
2019-03-01 08:30:00-06:00,2834.4,0.02657464,97.211,0.010288814,13.71,-0.072395129,4.06,-0.066666667,255.2,0.003539127,200.8,0.008032129,57.4,-0.066666667,0.01,-0.964285714,2.40680003,-0.114104808,99.65446855,-0.000702914,3.8,0,2.5,0,1.9,0.266666667,103.2684,-0.005782283,4.37E+11,-0.020015388,98.4,0.049040512,,
2019-04-01 08:30:00-05:00,2945.83,0.028732632,97.52,0.003178653,13.12,-0.043034282,4.2,0.034482759,255.3,0.00039185,202.1,0.006474104,53.6,-0.066202091,0.08,7,2.50359988,0.040219316,99.58445085,-0.000702605,3.6,-0.052631579,2.5,0,2,0.052631579,102.8157,-0.004383722,4.40E+11,0.006658518,97.2,-0.012195122,1361.47,0.013745244
2019-05-01 08:30:00-05:00,2752.06,-0.015544158,97.609,0.000912633,18.71,0.426067073,3.99,-0.05,255.4,0.000391696,201.7,-0.001979218,53.5,-0.001865672,-0.21,-3.625,2.13319993,-0.147946944,99.50838434,-0.000763839,3.6,0,2.5,0,1.8,-0.1,102.9,0.000819914,4.41E+11,0.002460248,100,0.028806584,,
2019-06-03 08:30:00-05:00,2941.76,-0.00194587,96.13,-0.015152291,15.08,-0.194013896,3.73,-0.065162907,255.9,0.001957713,200.3,-0.006941001,50.7,-0.052336449,-0.12,-0.428571429,2.00679994,-0.059253701,99.43025865,-0.000785117,3.6,0,2.5,0,1.6,-0.111111111,102.3826,-0.005028183,4.47E+11,0.013788489,98.2,-0.018,,
2019-07-01 08:30:00-05:00,2980.38,0.045404327,98.568,0.02536149,16.12,0.068965517,3.75,0.00536193,256.2,0.001172333,200.7,0.001997004,47.2,-0.069033531,-0.06,-0.5,2.01609993,0.004634239,99.35534623,-0.000753417,3.7,0.027777778,2.25,-0.1,1.8,0.125,102.5756,0.001885086,4.47E+11,0.000617513,98.4,0.00203666,1378.74,0.012684819
2019-08-01 08:30:00-05:00,2926.46,-0.007562431,98.807,0.002424722,18.98,0.177419355,3.58,-0.045333333,256.6,0.00156128,199.2,-0.007473842,49.7,0.052966102,-0.49,7.166666667,1.49940002,-0.256286855,99.29377063,-0.000619751,3.7,0,2.25,0,1.7,-0.055555556,102.5928,0.000167681,4.49E+11,0.003924155,89.8,-0.087398374,,
2019-09-03 08:30:00-05:00,2976.74,-0.003560315,99.394,0.005940875,16.24,-0.144362487,3.64,0.016759777,257.3,0.002727981,198.4,-0.004016064,46.7,-0.060362173,-0.2,-0.591836735,1.66799998,0.11244495,99.2709694,-0.000229634,3.5,-0.054054054,2,-0.111111111,1.7,0,102.2012,-0.003817032,4.49E+11,1.56E-05,93.2,0.037861915,,
2019-10-01 08:30:00-05:00,3037.56,0.023021705,97.331,-0.02075578,13.22,-0.185960591,3.78,0.038461538,257.8,0.001943257,198.6,0.001008065,43.7,-0.064239829,0.15,-1.75,1.69270003,0.014808184,99.278352,7.44E-05,3.6,0.028571429,1.75,-0.125,1.8,0.058823529,102.9086,0.006921641,4.54E+11,0.010412212,95.5,0.024678112,1392.48,0.009965621
2019-11-01 08:30:00-05:00,3140.98,0.028308076,98.271,0.009657766,12.62,-0.045385779,3.68,-0.026455026,258.3,0.001939488,199,0.002014099,46.2,0.057208238,0.19,0.266666667,1.77400005,0.048029786,99.29162222,0.000133667,3.6,0,1.75,0,2.1,0.166666667,102.579,-0.003202842,4.56E+11,0.005069798,96.8,0.013612565,,
2019-12-02 08:30:00-06:00,3230.78,0.02954439,96.529,-0.017726491,13.78,0.091917591,3.74,0.016304348,258.7,0.001548587,199,0,47.6,0.03030303,0.37,0.947368421,1.91919994,0.081848865,99.28850897,-3.14E-05,3.6,0,1.75,0,2.3,0.095238095,101.7775,-0.00781349,4.52E+11,-0.00859492,99.3,0.025826446,,
2020-01-02 08:30:00-06:00,3225.52,0.014990674,97.362,0.008629531,18.84,0.367198839,3.51,-0.061497326,259,0.001159644,199.3,0.001507538,43.2,-0.092436975,-0.04,-1.108108108,1.50510001,-0.215766957,99.24447302,-0.000443515,3.5,-0.027777778,1.75,0,2.5,0.086956522,102.0979,0.003148044,4.53E+11,0.003103653,99.8,0.005035247,1415.01,0.016179766
2020-02-03 08:30:00-06:00,2954.22,-0.043323303,98.127,0.007857275,40.11,1.128980892,3.45,-0.017094017,258.2,-0.003088803,196.7,-0.01304566,48.8,0.12962963,-0.14,2.5,1.154,-0.233273542,99.15001442,-0.000951777,3.5,0,1.75,0,2.3,-0.08,101.7632,-0.003278226,4.56E+11,0.005473579,101,0.012024048,,
2020-03-02 08:30:00-06:00,2584.59,-0.101942202,98.947,0.008356518,53.54,0.33482922,3.5,0.014492754,256.1,-0.00813323,193.1,-0.018301983,47.8,-0.020491803,0.59,-5.214285714,0.673,-0.416811092,97.55680425,-0.016068683,4.4,0.257142857,0.25,-0.857142857,1.5,-0.347826087,101.303,-0.004522263,4.59E+11,0.006557981,89.1,-0.117821782,,
2020-04-01 08:30:00-05:00,2912.43,-0.026688877,99.039,0.000929791,34.15,-0.362159133,3.23,-0.077142857,255.9,-0.000780945,185.5,-0.039357846,35.3,-0.261506276,0.55,-0.06779661,0.639,-0.050520059,93.3272386,-0.043354902,14.7,2.340909091,0.25,0,0.3,-0.8,101.7038,0.003956447,4.56E+11,-0.006123032,71.8,-0.194163861,1408.74,-0.004431064
2020-05-01 08:30:00-05:00,3044.31,0.092946876,98.295,-0.007512192,27.51,-0.19443631,3.15,-0.024767802,257.2,0.005080109,188.6,0.01671159,32.9,-0.067988669,0.51,-0.072727273,0.656,0.026604069,94.70713847,0.014785607,13.2,-0.102040816,0.25,0,0.1,-0.666666667,97.8746,-0.037650511,4.58E+11,0.003913504,72.3,0.006963788,,
2020-06-01 08:30:00-05:00,3100.29,0.038162478,97.384,-0.00926802,30.43,0.106143221,3.13,-0.006349206,258.5,0.005054432,191.2,0.01378579,37.3,0.133738602,0.5,-0.019607843,0.658,0.00304878,96.38894556,0.017757976,11,-0.166666667,0.25,0,0.6,5,84.959,-0.131960693,4.32E+11,-0.055702362,78.1,0.0802213,,
2020-07-01 08:30:00-05:00,3271.12,0.0387632,93.455,-0.040345437,24.46,-0.196187972,2.99,-0.044728435,259.6,0.004255319,193,0.009414226,53,0.420911528,0.46,-0.08,0.533,-0.189969605,97.81746245,0.014820339,10.2,-0.072727273,0.25,0,1,0.666666667,86.3345,0.016190162,3.76E+11,-0.130608337,72.5,-0.071702945,1372.44,-0.025767707
2020-08-03 08:30:00-05:00,3500.31,0.064533075,92.157,-0.013889038,26.41,0.079721995,2.91,-0.026755853,260.2,0.002311248,194.3,0.006735751,51,-0.037735849,0.61,0.326086957,0.706,0.324577861,98.41453353,0.006103931,8.4,-0.176470588,0.25,0,1.3,0.3,91.7523,0.062753592,4.42E+11,0.175908044,74.1,0.022068966,,
2020-09-01 08:30:00-05:00,3363,0.012059977,93.804,0.017871676,26.37,-0.001514578,2.9,-0.003436426,260.4,0.00076864,195.5,0.006176016,61.5,0.205882353,0.59,-0.032786885,0.684,-0.031161473,98.66695103,0.00256484,7.9,-0.05952381,0.25,0,1.4,0.076923077,95.2439,0.038054632,4.72E+11,0.068327885,80.4,0.085020243,,
2020-10-01 08:30:00-05:00,3269.96,-0.031236718,94.038,0.002494563,38.02,0.441789913,2.81,-0.031034483,260.7,0.001152074,196.5,0.00511509,60.1,-0.022764228,0.79,0.338983051,0.875,0.279239766,98.98453016,0.003218698,6.9,-0.126582278,0.25,0,1.2,-0.142857143,96.1173,0.009170141,4.81E+11,0.018888341,81.8,0.017412935,1364.13,-0.00605491
2020-11-02 08:30:00-06:00,3621.63,0.039363986,91.869,-0.023065144,20.57,-0.458968964,2.72,-0.03202847,261.6,0.003452244,198.3,0.009160305,57.8,-0.038269551,0.76,-0.037974684,0.842,-0.037714286,99.33764341,0.003567358,6.7,-0.028985507,0.25,0,1.2,0,96.0711,-0.000480663,4.82E+11,0.002539648,76.9,-0.0599022,,
2020-12-01 08:30:00-06:00,3756.08,0.069981483,89.937,-0.021029945,22.75,0.105979582,2.67,-0.018382353,262.2,0.002293578,200.5,0.011094302,58.7,0.015570934,0.84,0.105263158,0.918,0.090261283,99.71018332,0.003750239,6.7,0,0.25,0,1.4,0.166666667,96.825,0.007847313,4.93E+11,0.021370631,80.7,0.049414824,,
2021-01-04 08:30:00-06:00,3714.25,0.010390505,90.584,0.007193925,33.09,0.454505495,2.73,0.02247191,263.3,0.004195271,204.8,0.021446384,63.8,0.086882453,1.05,0.25,1.065,0.160130719,100.0433056,0.003340905,6.4,-0.044776119,0.25,0,1.4,0,97.1183,0.003029176,4.91E+11,-0.003803532,79,-0.021065675,1362.39,-0.001275538
2021-02-01 08:30:00-06:00,3811.16,0.008486588,90.879,0.003256646,27.95,-0.155333938,2.97,0.087912088,265,0.006456513,210.6,0.028320313,59.5,-0.067398119,1.4,0.333333333,1.408,0.322065728,100.3779024,0.00334452,6.2,-0.03125,0.25,0,1.7,0.214285714,98.138,0.010499566,4.87E+11,-0.008135266,76.8,-0.027848101,,
2021-03-01 08:30:00-06:00,3972.9,0.036206318,93.232,0.02589157,19.4,-0.305903399,3.17,0.067340067,266.7,0.006415094,215,0.020892688,66.3,0.114285714,1.71,0.221428571,1.7422,0.237357955,100.6654689,0.002864839,6,-0.032258065,0.25,0,2.6,0.529411765,99.2645,0.011478734,4.89E+11,0.004196511,84.9,0.10546875,,
2021-04-01 08:30:00-05:00,4181.18,0.045877312,91.297,-0.020754677,18.61,-0.040721649,2.98,-0.059936909,268.6,0.007124109,217.9,0.013488372,72.1,0.087481146,1.64,-0.040935673,1.6259,-0.066754678,100.8976602,0.002306564,6,0,0.25,0,4.2,0.615384615,96.2231,-0.030639352,5.13E+11,0.049896088,88.3,0.040047114,1393.85,0.023091773
2021-05-03 08:30:00-05:00,4204.12,0.027176546,89.833,-0.016035576,16.77,-0.098871574,2.95,-0.010067114,271,0.00893522,224.9,0.032124828,75.2,0.042995839,1.57,-0.042682927,1.602811,-0.01420075,100.9544787,0.00056313,5.8,-0.033333333,0.25,0,5,0.19047619,98.8621,0.027425847,5.04E+11,-0.01874066,82.9,-0.061155153,,
2021-06-01 08:30:00-05:00,4297.49,0.014043425,92.357,0.028096579,15.84,-0.055456172,3.02,0.023728814,272.2,0.004428044,228.9,0.017785683,66.1,-0.121010638,1.4,-0.108280255,1.471,-0.082237394,100.9511026,-3.34E-05,5.9,0.017241379,0.25,0,5.4,0.08,99.0246,0.001643704,5.58E+11,0.108644892,85.5,0.031363088,,
2021-07-01 08:30:00-05:00,4395.27,0.021375357,92.09,-0.002890956,18.23,0.150883838,2.8,-0.072847682,273.1,0.003306392,231.8,0.012669288,73.4,0.110438729,1.18,-0.157142857,1.226,-0.166553365,100.90298,-0.000476692,5.4,-0.084745763,0.25,0,5.4,0,99.7785,0.00761326,5.56E+11,-0.00448449,81.2,-0.050292398,1462.75,0.049431431
2021-08-02 08:30:00-05:00,4522.69,0.026857176,92.641,0.005983277,16.49,-0.095447065,2.87,0.025,274.2,0.004027829,233.4,0.006902502,66.8,-0.089918256,1.26,0.06779661,1.312,0.070146819,100.8352947,-0.000670796,5.2,-0.037037037,0.25,0,5.3,-0.018518519,100.1923,0.004147186,5.50E+11,-0.009757765,70.3,-0.134236453,,
2021-09-01 08:30:00-05:00,4307.53,-0.01012929,94.24,0.017260176,23.13,0.402668284,3.01,0.048780488,276.6,0.008752735,235.7,0.009854327,64.7,-0.031437126,1.48,0.174603175,1.489,0.134908537,100.7750321,-0.000597634,4.7,-0.096153846,0.25,0,5.4,0.018867925,100.8724,0.006787947,5.53E+11,0.004728936,72.8,0.035561878,,
2021-10-01 08:30:00-05:00,4605.39,0.009441006,94.134,-0.001124788,16.27,-0.296584522,3.14,0.043189369,278.5,0.006869125,240.5,0.020364871,68.4,0.057187017,1.5,0.013513514,1.557,0.045668234,100.7217458,-0.000528765,4.6,-0.021276596,0.25,0,6.2,0.148148148,100.837,-0.000350938,5.42E+11,-0.020473959,71.7,-0.01510989,1511.1,0.033054179
2021-11-01 08:30:00-05:00,4567.01,0.02858824,95.891,0.018664882,27.2,0.671788568,3.1,-0.012738854,280.1,0.005745063,243.3,0.011642412,61.8,-0.096491228,1.38,-0.08,1.449,-0.069364162,100.6653394,-0.000560022,4.2,-0.086956522,0.25,0,6.8,0.096774194,99.8498,-0.009790057,5.47E+11,0.01048141,67.4,-0.059972106,,
2021-12-01 08:30:00-06:00,4766.19,0.020852878,95.67,-0.0023047,17.21,-0.367279412,3.11,0.003225806,281.9,0.006426276,241.3,-0.008220304,64.3,0.040453074,1.46,0.057971014,1.514,0.044858523,100.584478,-0.00080327,3.9,-0.071428571,0.25,0,7,0.029411765,101.3602,0.01512672,5.53E+11,0.0107344,70.6,0.047477745,,
2022-01-03 08:30:00-06:00,4515.54,-0.008040337,96.648,0.01022264,24.82,0.442184776,3.55,0.1414791,284.2,0.008158922,246.5,0.021549938,65.2,0.01399689,1.57,0.075342466,1.78,0.175693527,100.4624233,-0.001213455,4,0.025641026,0.25,0,7.5,0.071428571,101.961,0.005927376,5.63E+11,0.017595228,67.2,-0.04815864,1566.8,0.036860565
2022-02-01 08:30:00-06:00,4373.95,-0.043057217,96.747,0.001024336,30.14,0.214343272,3.89,0.095774648,287.7,0.012315271,252.7,0.02515213,56.3,-0.136503067,1.48,-0.057324841,1.827,0.026404494,100.2952716,-0.001663823,3.8,-0.05,0.25,0,7.9,0.053333333,101.7587,-0.001984092,5.66E+11,0.004760129,62.8,-0.06547619,,
2022-03-01 08:30:00-06:00,4530.42,4.50E-06,98.348,0.016548317,20.57,-0.317518248,4.67,0.200514139,288.7,0.003475843,260,0.028888009,62.9,0.11722913,1.8,0.216216216,2.342,0.281882868,100.0811685,-0.002134728,3.6,-0.052631579,0.5,1,8.5,0.075949367,102.146,0.003806063,5.57E+11,-0.015697644,59.4,-0.054140127,,
2022-04-01 08:30:00-05:00,4131.92,-0.024885423,103.212,0.04945703,33.39,0.623237725,5.1,0.092077088,291.5,0.009698649,265.3,0.020384615,56.4,-0.103338633,2.04,0.133333333,2.939,0.254910333,99.82890537,-0.002520585,3.6,0,0.5,0,8.3,-0.023529412,102.8987,0.007368864,5.76E+11,0.03446418,65.2,0.097643098,1616.48,0.03170794
2022-05-02 08:30:00-05:00,4132.16,-0.047216175,101.782,-0.013854978,26.18,-0.215932914,5.1,0,295.3,0.013036021,273.3,0.030154542,60.3,0.069148936,1.69,-0.171568627,2.848,-0.030962913,99.54935661,-0.002800279,3.6,0,1,1,8.6,0.036144578,103.5717,0.006540413,5.82E+11,0.010013889,58.4,-0.104294479,,
2022-06-01 08:30:00-05:00,3785.39,-0.039647721,104.738,0.029042463,28.7,0.096256684,5.7,0.117647059,295.3,0,280.3,0.02561288,56,-0.071310116,1.26,-0.25443787,3.017,0.059339888,99.2781646,-0.002724197,3.6,0,1.75,0.75,9.1,0.058139535,104.2709,0.006750879,5.88E+11,0.009973048,50,-0.143835616,,
2022-07-01 08:30:00-05:00,4130.289,-0.003009513,105.828,0.01040692,21.32,-0.257142857,5.3,-0.070175439,295.6,0.001015916,272.3,-0.028540849,52.1,-0.069642857,0.26,-0.793650794,2.654,-0.120318197,99.05571317,-0.002240688,3.5,-0.027777778,2.5,0.428571429,8.5,-0.065934066,104.1646,-0.00101946,5.90E+11,0.004540736,51.5,0.03,1663.36,0.029001287
2022-08-01 08:30:00-05:00,3954.99,0.019728896,108.685,0.026996636,25.86,0.212945591,5.55,0.047169811,296.8,0.00405954,269.6,-0.009915534,52.2,0.001919386,0.19,-0.269230769,3.196,0.204220045,98.89189107,-0.001653838,3.7,0.057142857,2.5,0,8.3,-0.023529412,104.0772,-0.000839057,5.92E+11,0.00263453,58.2,0.130097087,,
2022-09-01 08:30:00-05:00,3585.61,-0.067559812,112.173,0.032092745,31.61,0.222351121,6.7,0.207207207,298.1,0.004380054,268.1,-0.005563798,45.7,-0.124521073,0.5,1.631578947,3.833,0.19931164,98.76894649,-0.001243222,3.5,-0.054054054,3.25,0.3,8.2,-0.012048193,104.7577,0.006538416,5.98E+11,0.010733483,58.6,0.006872852,,
2022-10-03 08:30:00-05:00,3871.97,-0.005395927,111.578,-0.005304307,25.89,-0.180955394,7.08,0.056716418,,,265.1,-0.011189855,45.2,-0.010940919,-0.12,-1.24,4.052,0.057135403,98.67133397,-0.000988292,3.7,0.057142857,3.25,0,7.7,-0.06097561,104.6544,-0.000986085,5.96E+11,-0.003763302,59.9,0.0221843,,
2022-11-01 08:30:00-05:00,4080.11,0.066849333,105.873,-0.051130151,20.57,-0.205484743,6.58,-0.070621469,,,263.2,-0.007167107,37.2,-0.17699115,-0.69,4.75,3.611,-0.108835143,,,3.7,0,4,0.230769231,,,104.805,0.001439022,5.98E+11,0.004171883,56.8,-0.051752922,,
2022-12-01 08:30:00-06:00,3957.09,0.007808918,105.062,-0.007660121,24.52,0.192027224,6.33,-0.037993921,,,,,,,-0.74,0.072463768,3.589,-0.006092495,,,,,,,,,104.6894,-0.001103001,5.98E+11,-0.001102978,59.1,0.040492958,,